Rank;Sourceid;Title;Type;Issn;Publisher;Open Access;Open Access Diamond;SJR;SJR Best Quartile;H index;Total Docs. (2021);Total Docs. (3years);Total Refs.;Total Citations (3years);Citable Docs. (3years);Citations / Doc. (2years);Ref. / Doc.;%Female;Overton;Country;Region;Publisher;Coverage;Categories;Areas
1;21206;"Nature";journal;"14764687, 00280836";"Nature Research";No;No;17,897;Q1;1495;2149;7665;52777;163099;3722;24,09;24,56;37,59;496;United Kingdom;Western Europe;"Nature Research";"1869-2026";"Multidisciplinary (Q1)";"Multidisciplinary"
2;23571;"Science";journal;"10959203, 00368075";"American Association for the Advancement of Science";Yes;No;14,589;Q1;1433;2976;9326;47155;148010;4215;15,63;15,85;33,00;359;United States;Northern America;"American Association for the Advancement of Science";"1880-1881, 1883-2026";"History and Philosophy of Science (Q1); Multidisciplinary (Q1)";"Arts and Humanities; Multidisciplinary"
3;19700182758;"Nature Communications";journal;"20411723";"Nature Research";Yes;No;4,846;-;634;7029;16752;410462;271789;16485;15,80;58,40;35,52;691;United Kingdom;Western Europe;"Nature Research";"2010-2026";"Biochemistry, Genetics and Molecular Biology (miscellaneous) (Q1); Chemistry (miscellaneous) (Q1); Physics and Astronomy (miscellaneous) (Q1)";"Biochemistry, Genetics and Molecular Biology; Chemistry; Physics and Astronomy"
4;21100457028;"Science Advances";journal;"23752548";"American Association for the Advancement of Science";Yes;No;4,586;Q1;325;2011;4258;122009;64486;4229;14,26;60,67;33,46;181;United States;Northern America;"American Association for the Advancement of Science";"2015-2026";"Multidisciplinary (Q1)";"Multidisciplinary"
5;21121;"Proceedings of the National Academy of Sciences of the United States of America";journal;"10916490, 00278424";"National Academy of Sciences";Yes;No;4,184;Q1;929;4084;11722;209872;132154;10550;10,80;51,39;34,74;514;United States;Northern America;"National Academy of Sciences";"1917, 1933, 1945-1952, 1954-1955, 1960-2026";"Multidisciplinary (Q1)";"Multidisciplinary"
6;21100409368;"National Science Review";journal;"20955138, 2053714X";"Oxford University Press";Yes;No;2,842;Q1;142;274;580;11194;6146;437;10,59;40,85;33,04;20;United Kingdom;Western Europe;"Oxford University Press";"2014-2026";"Multidisciplinary (Q1)";"Multidisciplinary"
7;21100405003;"Science Bulletin";journal;"20959273, 20959281";"Elsevier B.V.";No;No;2,503;Q1;177;360;901;13926;8705;659;11,16;38,68;33,79;9;Netherlands;Western Europe;"Elsevier B.V.";"2015-2026";"Multidisciplinary (Q1)";"Multidisciplinary"
8;21101038708;"Innovation";journal;"26666758";"Cell Press";Yes;No;2,392;Q1;73;100;58;5240;811;28;13,98;52,40;32,49;16;United States;Northern America;"Cell Press";"2020-2026";"Multidisciplinary (Q1)";"Multidisciplinary"
9;21100943285;"Research";journal;"26395274, 20965168";"American Association for the Advancement of Science";Yes;No;2,071;Q1;76;129;271;7927;2446;270;9,19;61,45;32,66;1;United States;Northern America;"American Association for the Advancement of Science";"2018-2026";"Multidisciplinary (Q1)";"Multidisciplinary"
10;19700168304;"Journal of Advanced Research";journal;"20901224, 20901232";"Elsevier B.V.";Yes;No;1,870;Q1;122;143;286;9322;4066;282;13,70;65,19;39,69;1;Netherlands;Western Europe;"Elsevier B.V.";"2010-2026";"Multidisciplinary (Q1)";"Multidisciplinary"
11;21100907125;"iScience";journal;"25890042";"Elsevier Inc.";Yes;No;1,592;Q1;113;1483;1804;95671;10847;1786;5,88;64,51;37,54;77;United States;Northern America;"Elsevier Inc.";"2018-2026";"Multidisciplinary (Q1)";"Multidisciplinary"
12;21100200805;"Scientific Reports";journal;"20452322";"Nature Research";Yes;No;1,005;Q1;382;23558;58480;1109315;290610;58465;4,68;47,09;37,39;1691;United Kingdom;Western Europe;"Nature Research";"2011-2026";"Multidisciplinary (Q1)";"Multidisciplinary"
13;25522;"Tsinghua Science and Technology";journal;"10070214, 18787606";"Tsinghua University";Yes;No;1,001;Q1;69;77;204;2712;782;204;4,64;35,22;32,23;0;China;Asiatic Region;"Tsinghua University";"2003-2025";"Multidisciplinary (Q1)";"Multidisciplinary"
14;23100;"Proceedings of the Japan Academy Series B: Physical and Biological Sciences";journal;"13492896, 03862208";"Japan Academy";Yes;Yes;0,952;Q1;76;25;104;2735;498;104;3,76;109,40;8,57;1;Japan;Asiatic Region;"Japan Academy";"1977-2026";"Agricultural and Biological Sciences (miscellaneous) (Q1); Medicine (miscellaneous) (Q1); Multidisciplinary (Q1); Physics and Astronomy (miscellaneous) (Q1)";"Agricultural and Biological Sciences; Medicine; Multidisciplinary; Physics and Astronomy"
15;21100941752;"Advanced Theory and Simulations";journal;"25130390";"Wiley-VCH Verlag";No;No;0,924;Q1;53;171;402;8681;1540;398;3,88;50,77;23,92;1;Germany;Western Europe;"Wiley-VCH Verlag";"2018-2026";"Modeling and Simulation (Q1); Multidisciplinary (Q1); Numerical Analysis (Q1); Statistics and Probability (Q2)";"Mathematics; Multidisciplinary"
16;22367;"Progress in Natural Science: Materials International";journal;"10020071, 17455391";"Elsevier B.V.";Yes;No;0,891;Q1;95;108;312;4818;1506;309;3,88;44,61;31,39;0;Netherlands;Western Europe;"Elsevier B.V.";"1996-2026";"Materials Science (miscellaneous) (Q1); Multidisciplinary (Q1)";"Materials Science; Multidisciplinary"
17;10600153309;"PLOS ONE";journal;"19326203";"Public Library of Science";Yes;No;0,852;Q1;500;16093;49368;779388;193655;49361;3,69;48,43;41,82;2380;United States;Northern America;"Public Library of Science";"2006-2026";"Multidisciplinary (Q1)";"Multidisciplinary"
18;21100247071;"Science and Technology Studies";journal;"22434690";"Finnish Society for Science and Technology Studies";Yes;Yes;0,830;Q1;27;15;62;1194;176;61;3,41;79,60;33,33;0;Finland;Western Europe;"Finnish Society for Science and Technology Studies";"2012-2025";"History and Philosophy of Science (Q1); Multidisciplinary (Q1)";"Arts and Humanities; Multidisciplinary"
19;21101028388;"Patterns";journal;"26663899";"Cell Press";Yes;No;0,775;-;62;161;124;8037;425;70;3,43;49,92;29,90;29;United States;Northern America;"Cell Press";"2020-2026";"Decision Sciences (miscellaneous) (Q2)";"Decision Sciences"
20;21100446014;"Royal Society Open Science";journal;"20545703";"The Royal Society";Yes;No;0,758;Q1;103;638;2374;36477;8496;2362;3,47;57,17;36,22;55;United Kingdom;Western Europe;"The Royal Society";"2014-2026";"Multidisciplinary (Q1)";"Multidisciplinary"
21;19700200807;"Research in Science and Technological Education";journal;"14701138, 02635143";"Taylor and Francis Ltd.";No;No;0,705;Q1;46;24;79;1446;182;79;2,15;60,25;67,24;5;United Kingdom;Western Europe;"Taylor and Francis Ltd.";"1983-2026";"Education (Q1); Multidisciplinary (Q1)";"Multidisciplinary; Social Sciences"
22;12337;"International Journal of Bifurcation and Chaos";journal;"17936551, 02181274";"World Scientific";No;No;0,689;Q1;124;303;785;10984;2046;785;2,49;36,25;27,29;0;Singapore;Asiatic Region;"World Scientific";"1991, 1994, 1996-2026";"Engineering (miscellaneous) (Q1); Multidisciplinary (Q1); Applied Mathematics (Q2); Modeling and Simulation (Q2)";"Engineering; Mathematics; Multidisciplinary"
23;27733;"Latin American Research Review";journal;"00238791, 15424278";"Cambridge University Press";Yes;Yes;0,684;Q1;62;57;142;2756;192;135;1,30;48,35;55,84;14;United States;Northern America;"Cambridge University Press";"1965-2026";"Anthropology (Q1); Arts and Humanities (miscellaneous) (Q1); Cultural Studies (Q1); Development (Q1); Economics, Econometrics and Finance (miscellaneous) (Q1); Geography, Planning and Development (Q1); History (Q1); Literature and Literary Theory (Q1); Multidisciplinary (Q1); Political Science and International Relations (Q1); Sociology and Political Science (Q1)";"Arts and Humanities; Economics, Econometrics and Finance; Multidisciplinary; Social Sciences"
24;21100901173;"Applied Network Science";journal;"23648228";"Springer Nature";Yes;No;0,667;Q1;36;96;276;4419;810;276;2,84;46,03;29,64;4;Switzerland;Western Europe;"Springer Nature";"2016-2026";"Multidisciplinary (Q1); Computational Mathematics (Q2); Computer Networks and Communications (Q2)";"Computer Science; Mathematics; Multidisciplinary"
25;28472;"Fractals";journal;"17936543, 0218348X";"World Scientific";No;No;0,639;Q1;78;311;471;12011;1931;469;4,48;38,62;25,68;0;Singapore;Asiatic Region;"World Scientific";"1993-2026";"Multidisciplinary (Q1); Applied Mathematics (Q2); Geometry and Topology (Q2); Modeling and Simulation (Q2)";"Mathematics; Multidisciplinary"
26;21101042012;"Citizen Science: Theory and Practice";journal;"20574991";"Ubiquity Press";Yes;No;0,607;Q1;22;37;24;1639;114;24;4,75;44,30;57,71;5;United Kingdom;Western Europe;"Ubiquity Press";"2016, 2020-2026";"Multidisciplinary (Q1)";"Multidisciplinary"
27;21101017598;"Emerging Science Journal";journal;"26109182";"Ital Publication";Yes;No;0,600;Q1;43;90;147;3881;629;147;4,84;43,12;40,17;3;Italy;Western Europe;"Ital Publication";"2017-2026";"Multidisciplinary (Q1)";"Multidisciplinary"
28;21100938000;"Facets";journal;"23711671";"Canadian Science Publishing";Yes;No;0,590;Q1;35;102;149;8373;382;149;2,63;82,09;52,73;11;Canada;Northern America;"Canadian Science Publishing";"2017-2026";"Multidisciplinary (Q1)";"Multidisciplinary"
29;21100872043;"Epidemiologia e Servicos de Saude";journal;"22379622, 16794974";"Ministry of Health";Yes;Yes;0,552;-;34;119;268;3583;662;258;2,53;30,11;61,40;0;Brazil;Latin America;"Ministry of Health";"2016-2026";"Medicine (miscellaneous) (Q2)";"Medicine"
30;21100411756;"Heliyon";journal;"24058440";"Elsevier Ltd";Yes;No;0,550;Q1;145;2702;5094;143722;20468;5089;3,96;53,19;34,83;201;United Kingdom;Western Europe;"Elsevier Ltd";"2015-2026";"Multidisciplinary (Q1)";"Multidisciplinary"
31;86891;"Journal of King Saud University - Science";journal;"10183647";"Scientific Scholar LLC";Yes;No;0,513;Q1;85;361;776;13736;3238;776;4,06;38,05;28,77;7;Netherlands;Western Europe;"Scientific Scholar LLC";"1994, 2009-2026";"Multidisciplinary (Q1)";"Multidisciplinary"
32;25451;"Transactions of Tianjin University";journal;"10064982, 19958196";"Tianjin Daxue/Tianjin University";No;No;0,483;Q1;39;38;172;2297;450;171;3,56;60,45;33,53;1;China;Asiatic Region;"Tianjin Daxue/Tianjin University";"2004-2026";"Multidisciplinary (Q1)";"Multidisciplinary"
33;13951;"Arabian Journal for Science and Engineering";journal;"21914281, 2193567X";"";No;No;0,469;Q1;89;867;2152;37683;6449;2151;2,96;43,46;23,28;5;Germany;Western Europe;"";"1984, 1986, 1996-2026";"Multidisciplinary (Q1)";"Multidisciplinary"
34;25823;"Complexity";journal;"10762787, 10990526";"John Wiley and Sons Inc";Yes;No;0,463;Q1;93;1403;2797;55010;6516;2739;2,19;39,21;32,67;8;United States;Northern America;"John Wiley and Sons Inc";"1995-2026";"Multidisciplinary (Q1); Computer Science (miscellaneous) (Q2)";"Computer Science; Multidisciplinary"
35;23030;"Journal of the Royal Society of New Zealand";journal;"03036758";"Taylor and Francis Ltd.";No;No;0,446;Q1;51;46;102;2230;279;92;2,85;48,48;52,47;10;United Kingdom;Western Europe;"Taylor and Francis Ltd.";"1971-2025";"Multidisciplinary (Q1)";"Multidisciplinary"
36;21100904987;"Scientific African";journal;"24682276";"Elsevier B.V.";Yes;No;0,436;Q1;64;380;581;16819;1608;577;2,75;44,26;24,33;40;Netherlands;Western Europe;"Elsevier B.V.";"2018-2026";"Multidisciplinary (Q1)";"Multidisciplinary"
37;21100897136;"Karbala International Journal of Modern Science";journal;"24056103, 2405609X";"University of Kerbala";Yes;Yes;0,418;Q1;35;41;118;1569;385;118;1,72;38,27;29,20;0;Iraq;Middle East;"University of Kerbala";"2015-2026";"Multidisciplinary (Q1); Chemistry (miscellaneous) (Q2); Computer Science (miscellaneous) (Q2); Physics and Astronomy (miscellaneous) (Q2); Biochemistry, Genetics and Molecular Biology (miscellaneous) (Q3)";"Biochemistry, Genetics and Molecular Biology; Chemistry; Computer Science; Multidisciplinary; Physics and Astronomy"
38;21100317906;"MethodsX";journal;"22150161";"Elsevier B.V.";Yes;No;0,394;-;64;415;914;8410;2112;911;2,20;20,27;35,67;26;Netherlands;Western Europe;"Elsevier B.V.";"2014-2026";"Medical Laboratory Technology (Q2); Clinical Biochemistry (Q3)";"Biochemistry, Genetics and Molecular Biology; Health Professions"
39;21100235612;"International Journal of Technology";journal;"20869614, 20872100";"Faculty of Engineering, Universitas Indonesia";Yes;No;0,393;-;32;149;500;4025;751;496;1,49;27,01;41,68;1;Indonesia;Asiatic Region;"Faculty of Engineering, Universitas Indonesia";"2010-2026";"Engineering (miscellaneous) (Q2); Management of Technology and Innovation (Q3); Strategy and Management (Q3)";"Business, Management and Accounting; Engineering"
40;22447;"Journal of the Indian Institute of Science";journal;"00194964, 09704140";"Indian Institute of Science";No;No;0,391;Q2;46;53;148;4028;311;124;2,32;76,00;33,63;2;India;Asiatic Region;"Indian Institute of Science";"1974, 1976-1978, 1983-1984, 1988, 1995-2025";"Multidisciplinary (Q2)";"Multidisciplinary"
41;19700173166;"Acta Polytechnica Hungarica";journal;"17858860";"Obuda University";Yes;No;0,380;Q2;49;140;346;4542;715;333;2,09;32,44;26,82;0;Hungary;Eastern Europe;"Obuda University";"2004-2026";"Engineering (miscellaneous) (Q2); Multidisciplinary (Q2)";"Engineering; Multidisciplinary"
42;23716;"Science, Technology and Society";journal;"09730796, 09717218";"Sage Publications India Pvt. Ltd";No;No;0,380;Q2;33;24;83;1258;147;78;2,02;52,42;37,78;1;India;Asiatic Region;"Sage Publications India Pvt. Ltd";"1996-2004, 2006-2026";"Multidisciplinary (Q2)";"Multidisciplinary"
43;18659;"Anais da Academia Brasileira de Ciencias";journal;"00013765, 16782690";"Academia Brasileira de Ciencias";Yes;Yes;0,378;Q2;81;450;977;20064;2043;953;1,79;44,59;43,27;9;Brazil;Latin America;"Academia Brasileira de Ciencias";"1945-1946, 1949, 1970-1992, 1994-2026";"Multidisciplinary (Q2)";"Multidisciplinary"
44;1300147101;"Foundations of Science";journal;"12331821, 15728471";"Springer Science and Business Media B.V.";No;No;0,359;Q2;35;56;142;3076;184;137;1,51;54,93;23,61;0;Netherlands;Western Europe;"Springer Science and Business Media B.V.";"1995, 1997-2002, 2005-2026";"History and Philosophy of Science (Q2); Multidisciplinary (Q2)";"Arts and Humanities; Multidisciplinary"
45;21100440523;"Interaction Design and Architecture(s)";journal;"18269745, 22832998";"ASLERD";Yes;Yes;0,353;-;22;40;103;1925;140;97;1,58;48,13;34,71;1;Italy;Western Europe;"ASLERD";"2007, 2011-2026";"Architecture (Q1); Media Technology (Q2); Social Sciences (miscellaneous) (Q2); Computer Science Applications (Q3); Education (Q3); Human-Computer Interaction (Q3); Pharmacology (Q3)";"Computer Science; Engineering; Pharmacology, Toxicology and Pharmaceutics; Social Sciences"
46;83082;"Historia Agraria";journal;"11391472, 23403659";"Universidad de Murcia";Yes;Yes;0,342;Q2;23;24;68;1397;62;68;0,78;58,21;27,78;0;Spain;Western Europe;"Universidad de Murcia";"1998-2025";"History (Q1); Agricultural and Biological Sciences (miscellaneous) (Q2); Arts and Humanities (miscellaneous) (Q2); Geography, Planning and Development (Q2); Multidisciplinary (Q2)";"Agricultural and Biological Sciences; Arts and Humanities; Multidisciplinary; Social Sciences"
47;18761;"Advances in Complex Systems";journal;"02195259, 17936802";"World Scientific Publishing Co. Pte Ltd";No;No;0,341;Q2;42;22;79;956;95;78;0,52;43,45;17,81;0;Singapore;Asiatic Region;"World Scientific Publishing Co. Pte Ltd";"2004-2026";"Multidisciplinary (Q2); Control and Systems Engineering (Q3)";"Engineering; Multidisciplinary"
48;22251;"Pacific Science";journal;"15346188, 00308870";"University of Hawaii Press";No;No;0,338;Q2;50;33;93;1635;100;93;1,00;49,55;42,20;3;United States;Northern America;"University of Hawaii Press";"1979-2025";"Multidisciplinary (Q2)";"Multidisciplinary"
49;21100896466;"International Journal of Service Science, Management, Engineering, and Technology";journal;"19479603, 1947959X";"IGI Global Publishing";No;No;0,324;Q2;22;60;72;3740;315;72;3,58;62,33;32,26;0;United States;Northern America;"IGI Global Publishing";"2012, 2014-2015, 2017-2026";"Engineering (miscellaneous) (Q2); Multidisciplinary (Q2); Business, Management and Accounting (miscellaneous) (Q3); Computer Science (miscellaneous) (Q3)";"Business, Management and Accounting; Computer Science; Engineering; Multidisciplinary"
50;23531;"Sadhana - Academy Proceedings in Engineering Sciences";journal;"09737677, 02562499";"Springer India";Yes;No;0,301;Q2;66;246;746;9327;1155;704;1,44;37,91;20,79;0;India;Asiatic Region;"Springer India";"1984-2026";"Multidisciplinary (Q2)";"Multidisciplinary"
51;23697;"Science Progress";journal;"20477163, 00368504";"SAGE Publications Ltd";Yes;No;0,293;Q2;56;365;224;12834;391;219;1,38;35,16;34,80;10;United Kingdom;Western Europe;"SAGE Publications Ltd";"1946-1949, 1955, 1957, 1960-1963, 1965-1972, 1974-1993, 1995-2026";"Multidisciplinary (Q2)";"Multidisciplinary"
52;17700156015;"Journal of Dance Medicine and Science";journal;"1089313X, 23748060";"Sage Publications";No;No;0,288;-;47;28;81;1244;134;81;1,10;44,43;50,88;0;United States;Northern America;"Sage Publications";"1997-2026";"Medicine (miscellaneous) (Q3)";"Medicine"
53;21101040211;"Forum Scientiae Oeconomia";journal;"23534435, 23005947";"";Yes;Yes;0,285;-;23;28;79;1672;120;79;1,88;59,71;49,23;0;Poland;Eastern Europe;"";"2017-2026";"Business and International Management (Q3); Economics and Econometrics (Q3); Marketing (Q3); Strategy and Management (Q3)";"Business, Management and Accounting; Economics, Econometrics and Finance"
54;19400157273;"European Journal of Science and Theology";journal;"18410464, 18428517";"ACAD Organisation";Yes;No;0,284;Q2;25;75;318;2280;180;312;0,67;30,40;45,41;0;Romania;Eastern Europe;"ACAD Organisation";"2008-2025";"Religious Studies (Q1); History and Philosophy of Science (Q2); Multidisciplinary (Q2); Engineering (miscellaneous) (Q3)";"Arts and Humanities; Engineering; Multidisciplinary"
55;5000157301;"Transactions of the Royal Society of South Africa";journal;"0035919X, 21540098";"Taylor and Francis Ltd.";No;No;0,283;Q2;33;25;78;1373;115;78;1,48;54,92;33,80;0;United Kingdom;Western Europe;"Taylor and Francis Ltd.";"1909-1910, 1913-1915, 1917-1919, 1921-1926, 1928-1940, 1942-1943, 1945-1949, 1951, 1954-1964, 1967-1972, 1974-1990, 1992-2026";"Agricultural and Biological Sciences (miscellaneous) (Q2); Multidisciplinary (Q2); Earth and Planetary Sciences (miscellaneous) (Q3); Environmental Science (miscellaneous) (Q3); Medicine (miscellaneous) (Q3)";"Agricultural and Biological Sciences; Earth and Planetary Sciences; Environmental Science; Medicine; Multidisciplinary"
56;23516;"Journal of the Royal Society of Western Australia";journal;"0035922X";"Royal Society of Western Australia Inc.";No;No;0,280;Q2;30;11;27;606;34;25;1,25;55,09;23,53;0;Australia;Pacific Region;"Royal Society of Western Australia Inc.";"1981, 1983-2025";"Multidisciplinary (Q2)";"Multidisciplinary"
57;26207;"Xinan Jiaotong Daxue Xuebao/Journal of Southwest Jiaotong University";journal;"02582724";"";No;No;0,280;Q2;31;167;504;3638;404;504;0,76;21,78;30,66;0;China;Asiatic Region;"";"1991, 1998, 2001-2025";"Multidisciplinary (Q2)";"Multidisciplinary"
58;21100394266;"International Journal of Agile Systems and Management";journal;"17419174, 17419182";"Inderscience";No;No;0,273;Q2;31;25;56;1878;121;55;2,13;75,12;31,34;0;Switzerland;Western Europe;"Inderscience";"2006-2009, 2011-2026";"Multidisciplinary (Q2); Computer Science (miscellaneous) (Q3); Decision Sciences (miscellaneous) (Q3); Engineering (miscellaneous) (Q3); Industrial and Manufacturing Engineering (Q3); Management Information Systems (Q3); Strategy and Management (Q3)";"Business, Management and Accounting; Computer Science; Decision Sciences; Engineering; Multidisciplinary"
59;21100324700;"Kuwait Journal of Science";journal;"23074108, 23074116";"Elsevier B.V.";Yes;Yes;0,272;Q2;28;92;134;2918;171;134;1,22;31,72;29,63;0;Netherlands;Western Europe;"Elsevier B.V.";"2013-2026";"Multidisciplinary (Q2)";"Multidisciplinary"
60;20699;"Current Science";journal;"00113891";"Indian Academy of Sciences";Yes;No;0,271;Q2;150;524;2087;12170;2018;1527;0,87;23,23;25,98;10;India;Asiatic Region;"Indian Academy of Sciences";"1945-1951, 1973-1991, 1993-2026";"Multidisciplinary (Q2)";"Multidisciplinary"
61;19700181256;"Constructivist Foundations";journal;"1782348X";"Vrije Universiteit Brussel";No;No;0,266;Q2;27;92;229;1679;96;178;0,44;18,25;31,96;0;Belgium;Western Europe;"Vrije Universiteit Brussel";"2010-2025";"History and Philosophy of Science (Q2); Multidisciplinary (Q2); Philosophy (Q2); Education (Q3); Artificial Intelligence (Q4); Cognitive Neuroscience (Q4)";"Arts and Humanities; Computer Science; Multidisciplinary; Neuroscience; Social Sciences"
62;7700153224;"Sains Malaysiana";journal;"01266039";"Penerbit Universiti Kebangsaan Malaysia";No;No;0,263;Q2;51;320;966;12236;1196;966;1,10;38,24;45,66;2;Malaysia;Asiatic Region;"Penerbit Universiti Kebangsaan Malaysia";"2006-2026";"Multidisciplinary (Q2)";"Multidisciplinary"
63;19700175755;"Advances in Systems Science and Applications";journal;"10786236";"International Institute for General Systems Studies";No;No;0,260;Q2;16;41;118;872;103;118;0,86;21,27;25,56;0;United States;Northern America;"International Institute for General Systems Studies";"2009-2025";"Multidisciplinary (Q2); Engineering (miscellaneous) (Q3)";"Engineering; Multidisciplinary"
64;145055;"Xi'an Shiyou Daxue Xuebao (Ziran Kexue Ban)/Journal of Xi'an Shiyou University, Natural Sciences Edition";journal;"1673064X";"Xi'an Petroleum Institute";No;No;0,260;Q2;20;88;319;1780;160;319;0,48;20,23;30,26;0;China;Asiatic Region;"Xi'an Petroleum Institute";"2005-2025";"Multidisciplinary (Q2)";"Multidisciplinary"
65;22963;"Interdisciplinary Science Reviews";journal;"03080188, 17432790";"SAGE Publications Ltd";No;No;0,257;Q2;35;39;93;2343;104;86;0,86;60,08;45,00;4;United Kingdom;Western Europe;"SAGE Publications Ltd";"1976-2025";"History and Philosophy of Science (Q2); Multidisciplinary (Q2); Social Sciences (miscellaneous) (Q3)";"Arts and Humanities; Multidisciplinary; Social Sciences"
66;17294;"Defence Science Journal";journal;"0011748X, 0976464X";"Defence Scientific Information and Documentation Centre";No;No;0,245;-;48;104;269;2553;270;266;0,82;24,55;12,56;0;India;Asiatic Region;"Defence Scientific Information and Documentation Centre";"1970-1989, 1991-2025";"Chemical Engineering (miscellaneous) (Q3); Electrical and Electronic Engineering (Q3); Mechanical Engineering (Q3); Physics and Astronomy (miscellaneous) (Q3); Biomedical Engineering (Q4); Computer Science Applications (Q4)";"Chemical Engineering; Computer Science; Engineering; Physics and Astronomy"
67;84932;"Chinese Science Bulletin";journal;"0023074X, 20959419";"Science Press";No;No;0,243;Q2;57;457;1198;23798;1749;1198;1,43;52,07;38,63;0;China;Asiatic Region;"Science Press";"1963-1964, 1980-1984, 1989, 2015-2026";"Multidisciplinary (Q2)";"Multidisciplinary"
68;22386;"Hunan Daxue Xuebao/Journal of Hunan University Natural Sciences";journal;"16742974";"Hunan University";No;No;0,243;Q2;26;233;687;5055;463;687;0,71;21,70;30,47;0;China;Asiatic Region;"Hunan University";"1992-1993, 1996, 2001-2025";"Multidisciplinary (Q2)";"Multidisciplinary"
69;21100268424;"Journal of Mathematical and Fundamental Sciences";journal;"23375760, 23385510";"Institute for Research and Community Services, Institut Teknologi Bandung";Yes;No;0,240;Q2;21;34;68;979;98;68;1,00;28,79;41,98;0;Indonesia;Asiatic Region;"Institute for Research and Community Services, Institut Teknologi Bandung";"2011, 2013-2026";"Multidisciplinary (Q2); Agricultural and Biological Sciences (miscellaneous) (Q3); Biochemistry, Genetics and Molecular Biology (miscellaneous) (Q3); Chemistry (miscellaneous) (Q3); Earth and Planetary Sciences (miscellaneous) (Q3); Physics and Astronomy (miscellaneous) (Q3); Mathematics (miscellaneous) (Q4); Medicine (miscellaneous) (Q4)";"Agricultural and Biological Sciences; Biochemistry, Genetics and Molecular Biology; Chemistry; Earth and Planetary Sciences; Mathematics; Medicine; Multidisciplinary; Physics and Astronomy"
70;21100256950;"Movement and Sports Sciences - Science et Motricite";journal;"21185735, 21185743";"EDP Sciences";No;No;0,238;Q2;19;29;82;1343;53;76;0,54;46,31;19,48;0;France;Western Europe;"EDP Sciences";"2010-2025";"Multidisciplinary (Q2); Orthopedics and Sports Medicine (Q3); Physical Therapy, Sports Therapy and Rehabilitation (Q3); Psychology (miscellaneous) (Q3); Social Sciences (miscellaneous) (Q3); Neuropsychology and Physiological Psychology (Q4); Physiology (Q4); Physiology (medical) (Q4)";"Biochemistry, Genetics and Molecular Biology; Health Professions; Medicine; Multidisciplinary; Psychology; Social Sciences"
71;145331;"Brazilian Archives of Biology and Technology";journal;"16784324, 15168913";"Instituto de Tecnologia do Parana";Yes;Yes;0,231;Q2;71;192;435;8042;491;435;1,17;41,89;44,60;2;Brazil;Latin America;"Instituto de Tecnologia do Parana";"1998-2025";"Multidisciplinary (Q2)";"Multidisciplinary"
72;5600155094;"Perspectives on Science";journal;"10636145, 15309274";"MIT Press";No;No;0,231;Q2;33;29;92;1799;86;90;0,87;62,03;35,14;0;United States;Northern America;"MIT Press";"1994-1995, 1997, 1999-2025";"History and Philosophy of Science (Q2); Multidisciplinary (Q2)";"Arts and Humanities; Multidisciplinary"
73;4000151817;"ScienceAsia";journal;"15131874";"Science Society of Thailand under Royal Patronage";Yes;No;0,227;Q2;48;114;253;3535;235;250;1,01;31,01;45,51;0;Thailand;Asiatic Region;"Science Society of Thailand under Royal Patronage";"1996-2025";"Multidisciplinary (Q2)";"Multidisciplinary"
74;21100778849;"Southeast Asian Studies";journal;"21867275, 24238686";"Center for Southeast Asian Studies";Yes;No;0,227;-;15;17;48;755;29;46;0,69;44,41;33,33;0;Japan;Asiatic Region;"Center for Southeast Asian Studies";"2012-2025";"Development (Q3); Geography, Planning and Development (Q3); Political Science and International Relations (Q3)";"Social Sciences"
75;28036;"Indian Journal of Pure and Applied Physics";journal;"09751041, 00195596";"National Institute of Science Communication and Policy Research";Yes;Yes;0,226;Q2;51;102;274;3236;264;274;0,82;31,73;28,29;0;India;Asiatic Region;"National Institute of Science Communication and Policy Research";"1969, 1971, 1974-1990, 1993-2025";"Multidisciplinary (Q2); Physics and Astronomy (miscellaneous) (Q3)";"Multidisciplinary; Physics and Astronomy"
76;145365;"Jilin Daxue Xuebao (Gongxueban)/Journal of Jilin University (Engineering and Technology Edition)";journal;"16715497";"Editorial Board of Jilin University";No;No;0,224;Q2;26;264;763;5570;546;763;0,79;21,10;30,68;0;China;Asiatic Region;"Editorial Board of Jilin University";"2005-2025";"Multidisciplinary (Q2)";"Multidisciplinary"
77;21100908534;"Tapuya: Latin American Science, Technology and Society";journal;"25729861";"Routledge";Yes;Yes;0,223;Q2;18;31;86;1420;110;61;1,13;45,81;50,00;7;United States;Northern America;"Routledge";"2018-2025";"Multidisciplinary (Q2); Social Sciences (miscellaneous) (Q3)";"Multidisciplinary; Social Sciences"
78;17600155129;"Resonance";journal;"09718044, 0973712X";"Springer India";No;No;0,218;Q3;27;114;330;1356;129;273;0,41;11,89;32,48;1;India;Asiatic Region;"Springer India";"1996, 2000, 2002, 2006-2025";"Education (Q3); Multidisciplinary (Q3)";"Multidisciplinary; Social Sciences"
79;75573;"Tianjin Daxue Xuebao (Ziran Kexue yu Gongcheng Jishu Ban)/Journal of Tianjin University Science and Technology";journal;"04932137";"Tianjin University";No;No;0,217;Q3;26;153;546;3328;323;546;0,65;21,75;33,87;0;China;Asiatic Region;"Tianjin University";"1982-1988, 2003-2026";"Multidisciplinary (Q3)";"Multidisciplinary"
80;25490;"Tongji Daxue Xuebao/Journal of Tongji University";journal;"0253374X";"Editorial Department of Journal of Tongji University";No;No;0,212;Q3;41;239;769;5102;558;769;0,75;21,35;34,06;0;China;Asiatic Region;"Editorial Department of Journal of Tongji University";"1999-2025";"Multidisciplinary (Q3)";"Multidisciplinary"
81;23285;"Natures Sciences Societes";journal;"12401307, 17652979";"EDP Sciences";Yes;Yes;0,210;Q3;24;53;113;1849;38;97;0,24;34,89;44,68;1;France;Western Europe;"EDP Sciences";"1995-2026";"Agricultural and Biological Sciences (miscellaneous) (Q3); Biochemistry, Genetics and Molecular Biology (miscellaneous) (Q3); Earth and Planetary Sciences (miscellaneous) (Q3); Environmental Science (miscellaneous) (Q3); Multidisciplinary (Q3); Social Sciences (miscellaneous) (Q3)";"Agricultural and Biological Sciences; Biochemistry, Genetics and Molecular Biology; Earth and Planetary Sciences; Environmental Science; Multidisciplinary; Social Sciences"
82;21100902661;"Acta Scientiae";journal;"15174492, 21787727";"Lutheran University of Brazil";No;No;0,209;Q3;11;58;190;2156;64;187;0,44;37,17;46,81;1;Brazil;Latin America;"Lutheran University of Brazil";"2018-2026";"Education (Q3); Multidisciplinary (Q3)";"Multidisciplinary; Social Sciences"
83;145728;"Journal of Shanghai Jiaotong University (Science)";journal;"19958188, 10071172";"Shanghai Jiaotong University";No;No;0,209;Q3;27;103;330;2554;290;330;0,86;24,80;34,27;1;China;Asiatic Region;"Shanghai Jiaotong University";"2005-2026";"Multidisciplinary (Q3)";"Multidisciplinary"
84;19900191418;"Psychotherapy and Politics International";journal;"14769263, 15569195";"";No;No;0,207;Q3;11;37;84;1057;27;63;0,35;28,57;39,47;0;United Kingdom;Western Europe;"";"2013-2025";"Multidisciplinary (Q3)";"Multidisciplinary"
85;12634;"Early Science and Medicine";journal;"13837427, 15733823";"Brill Academic Publishers";No;No;0,205;Q3;31;28;65;1243;39;63;0,34;44,39;46,15;0;Netherlands;Western Europe;"Brill Academic Publishers";"1996-2025";"History (Q1); History and Philosophy of Science (Q3); Multidisciplinary (Q3); Medicine (miscellaneous) (Q4)";"Arts and Humanities; Medicine; Multidisciplinary"
86;19700175735;"Philippine Journal of Science";journal;"00317683";"Department of Science and Technology";No;No;0,200;Q3;27;240;294;8635;244;281;0,86;35,98;50,39;5;Philippines;Asiatic Region;"Department of Science and Technology";"1979, 1982, 1986-1988, 2009-2025";"Multidisciplinary (Q3); Social Sciences (miscellaneous) (Q3)";"Multidisciplinary; Social Sciences"
87;5800207374;"Journal of the National Science Foundation of Sri Lanka";journal;"13914588, 23620161";"National Science Foundation";Yes;No;0,195;Q3;29;41;151;1451;121;139;0,80;35,39;45,00;1;Sri Lanka;Asiatic Region;"National Science Foundation";"1999-2026";"Multidisciplinary (Q3)";"Multidisciplinary"
88;21100199522;"Bulletin of the Georgian National Academy of Sciences";journal;"01321447";"Georgian National Academy of Sciences";No;No;0,194;Q3;16;93;317;1171;73;315;0,22;12,59;36,92;0;Georgia;Eastern Europe;"Georgian National Academy of Sciences";"2011-2025";"Multidisciplinary (Q3)";"Multidisciplinary"
89;31728;"Comptes Rendus de L'Academie Bulgare des Sciences";journal;"13101331";"Academic Publishing House";Yes;No;0,194;Q3;24;215;646;3632;270;646;0,43;16,89;50,59;0;Bulgaria;Eastern Europe;"Academic Publishing House";"1977-1985, 2002-2003, 2007-2025";"Multidisciplinary (Q3)";"Multidisciplinary"
90;5700165172;"World Review of Science, Technology and Sustainable Development";journal;"17412242, 17412234";"Inderscience Enterprises Ltd";No;No;0,194;Q3;21;26;63;816;44;60;0,63;31,38;29,27;0;United Kingdom;Western Europe;"Inderscience Enterprises Ltd";"2004-2010, 2012-2024";"Multidisciplinary (Q3)";"Multidisciplinary"
91;23649;"Journal of Scientific and Industrial Research";journal;"09751084, 00224456";"National Institute of Science Communication and Policy Research";Yes;Yes;0,190;Q3;67;122;465;2959;314;465;0,58;24,25;33,22;1;India;Asiatic Region;"National Institute of Science Communication and Policy Research";"1969-1970, 1972-1978, 1980, 1982-1991, 1994-2025";"Multidisciplinary (Q3)";"Multidisciplinary"
92;19700170618;"Maejo International Journal of Science and Technology";journal;"19057873";"Maejo University";Yes;No;0,188;Q3;26;26;66;918;63;63;0,96;35,31;39,34;0;Thailand;Asiatic Region;"Maejo University";"2009-2026";"Multidisciplinary (Q3)";"Multidisciplinary"
93;19700166903;"Universitas Scientiarum";journal;"20271352, 01227483";"Pontificia Universidad Javeriana";Yes;Yes;0,186;Q3;17;17;68;695;61;68;0,72;40,88;44,44;0;Colombia;Latin America;"Pontificia Universidad Javeriana";"2009-2025";"Multidisciplinary (Q3)";"Multidisciplinary"
94;144725;"Shenyang Jianzhu Daxue Xuebao (Ziran Kexue Ban)/Journal of Shenyang Jianzhu University (Natural Science)";journal;"20951922";"Editorial Department of Journal of Shenyang Jianzhu University (Natural Sciences)";No;No;0,184;Q3;17;141;405;2580;170;405;0,43;18,30;33,01;0;China;Asiatic Region;"Editorial Department of Journal of Shenyang Jianzhu University (Natural Sciences)";"2005-2024";"Multidisciplinary (Q3)";"Multidisciplinary"
95;23049;"Issues in Science and Technology";journal;"07485492";"Arizona State University";No;No;0,182;Q3;36;55;114;56;89;27;0,87;1,02;38,89;0;United States;Northern America;"Arizona State University";"1985-1999, 2001-2025";"Multidisciplinary (Q3)";"Multidisciplinary"
96;21100862487;"International Journal of Language and Culture";journal;"22143157, 22143165";"John Benjamins Publishing Company";No;No;0,177;Q3;12;16;33;681;26;33;0,50;42,56;50,00;0;Netherlands;Western Europe;"John Benjamins Publishing Company";"2014-2025";"Multidisciplinary (Q3)";"Multidisciplinary"
97;17800156707;"Chiang Mai Journal of Science";journal;"01252526";"Chiang Mai University";No;No;0,177;-;32;129;462;4892;307;459;0,55;37,92;44,33;0;Thailand;Asiatic Region;"Chiang Mai University";"2008-2026";"Biochemistry, Genetics and Molecular Biology (miscellaneous) (Q4); Chemistry (miscellaneous) (Q4); Materials Science (miscellaneous) (Q4); Mathematics (miscellaneous) (Q4); Physics and Astronomy (miscellaneous) (Q4)";"Biochemistry, Genetics and Molecular Biology; Chemistry; Materials Science; Mathematics; Physics and Astronomy"
98;3900148502;"Songklanakarin Journal of Science and Technology";journal;"01253395";"Prince of Songkla University";Yes;Yes;0,176;Q3;48;239;542;6854;373;541;0,63;28,68;45,58;0;Thailand;Asiatic Region;"Prince of Songkla University";"2006-2025";"Multidisciplinary (Q3)";"Multidisciplinary"
99;14038;"Shanghai Jiaotong Daxue Xuebao/Journal of Shanghai Jiaotong University";journal;"10062467";"Shanghai Jiaotong University";Yes;No;0,174;Q3;27;260;603;4144;346;603;0,52;15,94;31,88;0;China;Asiatic Region;"Shanghai Jiaotong University";"1988, 1998-2026";"Multidisciplinary (Q3)";"Multidisciplinary"
100;26195;"Wuhan University Journal of Natural Sciences";journal;"10071202, 19934998";"EDP Sciences";No;No;0,173;Q3;25;61;217;1481;105;217;0,38;24,28;38,78;0;France;Western Europe;"EDP Sciences";"1996, 1998-2025";"Multidisciplinary (Q3)";"Multidisciplinary"
101;17700155802;"Gazi University Journal of Science";journal;"21471762, 13039709";"Gazi Universitesi";No;No;0,172;Q3;28;80;229;2671;208;228;0,87;33,39;35,83;1;Turkey;Middle East;"Gazi Universitesi";"2009-2025";"Multidisciplinary (Q3); Engineering (miscellaneous) (Q4)";"Engineering; Multidisciplinary"
102;24843;"Bulletin de la Societe Royale des Sciences de Liege";journal;"00379565, 17835720";"Societe Royale des Sciences de Liege";No;No;0,170;Q3;15;24;82;949;31;81;0,33;39,54;32,08;0;Belgium;Western Europe;"Societe Royale des Sciences de Liege";"1988, 1996-2025";"Multidisciplinary (Q3)";"Multidisciplinary"
103;22962;"Interciencia";journal;"22447776, 03781844";"Interciencia Association";Yes;No;0,168;Q3;42;66;314;2242;156;280;0,33;33,97;44,80;0;Venezuela;Latin America;"Interciencia Association";"1979, 1981-1982, 1986, 1993, 1996-2026";"Multidisciplinary (Q3)";"Multidisciplinary"
104;19400157142;"Chiang Mai University Journal of Natural Sciences";journal;"16851994";"Chiang Mai University";No;No;0,166;Q3;19;96;127;3685;86;127;0,53;38,39;54,44;0;Thailand;Asiatic Region;"Chiang Mai University";"2003, 2006, 2009-2022";"Multidisciplinary (Q3); Pharmacology, Toxicology and Pharmaceutics (miscellaneous) (Q3); Agricultural and Biological Sciences (miscellaneous) (Q4); Dentistry (miscellaneous) (Q4); Environmental Science (miscellaneous) (Q4); Health Professions (miscellaneous) (Q4); Medicine (miscellaneous) (Q4)";"Agricultural and Biological Sciences; Dentistry; Environmental Science; Health Professions; Medicine; Multidisciplinary; Pharmacology, Toxicology and Pharmaceutics"
105;21100258402;"Walailak Journal of Science and Technology";journal;"2228835X, 16863933";"Walailak University";Yes;Yes;0,166;Q3;0;0;0;0;0;0;0,00;0,00;0,00;0;Thailand;Asiatic Region;"Walailak University";"2012-2021";"Multidisciplinary (Q3)";"Multidisciplinary"
106;61482;"Liaoning Gongcheng Jishu Daxue Xuebao (Ziran Kexue Ban)/Journal of Liaoning Technical University (Natural Science Edition)";journal;"10080562";"Editorial Office of Journal of Liaoning Technical University";No;No;0,163;Q3;22;81;336;1342;98;336;0,33;16,57;33,08;0;China;Asiatic Region;"Editorial Office of Journal of Liaoning Technical University";"2001-2025";"Multidisciplinary (Q3)";"Multidisciplinary"
107;5400152705;"Archives des Sciences";journal;"26246848, 1661464X";"Societe de Physique et d'Histoire Naturelle de Geneve";No;No;0,161;Q3;17;2;7;65;4;7;0,80;32,50;10,00;0;Switzerland;Western Europe;"Societe de Physique et d'Histoire Naturelle de Geneve";"2004-2014, 2017-2018, 2020-2021, 2024";"Multidisciplinary (Q3)";"Multidisciplinary"
108;19472;"Beijing Daxue Xuebao (Ziran Kexue Ban)/Acta Scientiarum Naturalium Universitatis Pekinensis";journal;"04798023";"Peking University";No;No;0,161;Q3;34;125;411;3974;296;411;0,75;31,79;37,17;0;China;Asiatic Region;"Peking University";"2001-2026";"Multidisciplinary (Q3)";"Multidisciplinary"
109;21100795043;"Journal of Natural Remedies";journal;"23203358, 09725547";"Informatics Publishing Limited";Yes;No;0,161;-;28;39;74;1433;54;71;0,39;36,74;29,91;0;India;Asiatic Region;"Informatics Publishing Limited";"2002-2026";"Pharmacology (Q4)";"Pharmacology, Toxicology and Pharmaceutics"
110;5700165166;"Malaysian Journal of Science";journal;"13943065, 26008688";"Faculty of Science, Universiti Malaya";No;No;0,159;Q3;18;24;73;654;52;73;0,65;27,25;53,03;0;Malaysia;Asiatic Region;"Faculty of Science, Universiti Malaya";"2006-2025";"Multidisciplinary (Q3)";"Multidisciplinary"
111;22728;"Zhongshan Daxue Xuebao/Acta Scientiarum Natralium Universitatis Sunyatseni";journal;"20970137";"Journal of Zhongshan University";No;No;0,158;Q3;17;102;340;3423;105;340;0,29;33,56;32,79;0;China;Asiatic Region;"Journal of Zhongshan University";"1980, 2001-2026";"Multidisciplinary (Q3)";"Multidisciplinary"
112;19700187504;"Scientific Journal of King Faisal University Basic and Applied Sciences";journal;"16580311";"King Faisal University";Yes;No;0,149;Q3;11;93;139;2899;33;138;0,24;31,17;31,58;1;Saudi Arabia;Middle East;"King Faisal University";"2009-2025";"Multidisciplinary (Q3)";"Multidisciplinary"
113;16100154769;"Arabic Sciences and Philosophy";journal;"09574239, 14740524";"Cambridge University Press";No;No;0,149;Q4;25;11;25;164;17;25;0,53;14,91;15,38;0;United Kingdom;Western Europe;"Cambridge University Press";"1991-2025";"History (Q2); Philosophy (Q2); History and Philosophy of Science (Q3); Multidisciplinary (Q4)";"Arts and Humanities; Multidisciplinary"
114;21100217212;"Journal of Zhejiang University, Science Edition";journal;"10089497";"Zhejiang University";Yes;No;0,147;Q4;13;93;290;2247;99;290;0,35;24,16;40,73;0;China;Asiatic Region;"Zhejiang University";"2012-2026";"Multidisciplinary (Q4)";"Multidisciplinary"
115;17600155045;"Staps";journal;"17821568, 0247106X";"De Boeck Supérieur";No;No;0,146;-;13;21;97;1032;14;84;0,20;49,14;34,15;0;Belgium;Western Europe;"De Boeck Supérieur";"2001-2022, 2024-2025";"Orthopedics and Sports Medicine (Q4); Physical Therapy, Sports Therapy and Rehabilitation (Q4); Social Sciences (miscellaneous) (Q4)";"Health Professions; Medicine; Social Sciences"
116;21101057630;"International Journal of Innovative Research and Scientific Studies (discontinued)";journal;"26176548";"";No;No;0,145;Q4;14;36;45;1035;25;45;0,19;28,75;22,22;0;United Arab Emirates;Middle East;"";"2018-2024";"Multidisciplinary (Q4)";"Multidisciplinary"
117;21100904807;"Revista Conhecimento Online";journal;"21768501";"UNIVERSIDADE FEEVALE";Yes;Yes;0,144;Q4;5;33;61;1038;12;58;0,20;31,45;69,51;0;Brazil;Latin America;"UNIVERSIDADE FEEVALE";"2019-2025";"Education (Q4); Multidisciplinary (Q4)";"Multidisciplinary; Social Sciences"
118;19500157417;"Proceedings of the Latvian Academy of Sciences, Section B: Natural, Exact, and Applied Sciences";journal;"2255890X, 1407009X";"Sciendo";Yes;No;0,143;Q4;18;84;185;2933;79;185;0,46;34,92;65,98;1;Poland;Eastern Europe;"Sciendo";"2008-2025";"Multidisciplinary (Q4)";"Multidisciplinary"
119;21100903715;"Annals of Clinical and Experimental Neurology";journal;"24092533, 20755473";"Eco-Vector LLC";Yes;Yes;0,140;-;8;43;88;1447;42;88;0,48;33,65;59,09;0;Russian Federation;Eastern Europe;"Eco-Vector LLC";"2018-2025";"Neurology (Q4); Neurology (clinical) (Q4)";"Medicine; Neuroscience"
120;20300195074;"ASM Science Journal";journal;"18236782";"Akademi Sains Malaysia";Yes;Yes;0,137;Q4;15;172;434;5213;184;430;0,28;30,31;44,34;0;Malaysia;Asiatic Region;"Akademi Sains Malaysia";"2011-2015, 2017-2026";"Multidisciplinary (Q4)";"Multidisciplinary"
121;5800207553;"Linguistics in the Netherlands";journal;"09297332, 15699919";"John Benjamins Publishing Company";No;No;0,133;Q4;19;11;46;252;15;45;0,27;22,91;45,83;0;Netherlands;Western Europe;"John Benjamins Publishing Company";"1996-2023";"Linguistics and Language (Q3); Health Professions (miscellaneous) (Q4); Multidisciplinary (Q4); Psychology (miscellaneous) (Q4); Social Sciences (miscellaneous) (Q4)";"Health Professions; Multidisciplinary; Psychology; Social Sciences"
122;22176;"Ohio Journal of Science";journal;"00300950";"Ohio Academy of Science";No;No;0,132;Q4;21;10;27;267;12;25;0,47;26,70;40,00;0;United States;Northern America;"Ohio Academy of Science";"1945-1949, 1973-1974, 1979-1983, 1985, 1987, 1989, 1991-2010, 2013-2024";"Multidisciplinary (Q4)";"Multidisciplinary"
123;21100853929;"International Journal of Systematic Innovation";journal;"20778767, 20777973";"Society of Sytematic Innovation";No;No;0,132;-;8;23;34;503;7;34;0,21;21,87;36,36;0;Taiwan;Asiatic Region;"Society of Sytematic Innovation";"2010-2025";"Artificial Intelligence (Q4); Information Systems and Management (Q4); Management of Technology and Innovation (Q4); Organizational Behavior and Human Resource Management (Q4); Strategy and Management (Q4)";"Business, Management and Accounting; Computer Science; Decision Sciences"
124;21100372856;"Data in Brief";journal;"23523409";"Elsevier Inc.";Yes;No;0,131;Q4;69;1025;4652;9237;6344;5;1,42;9,01;41,67;40;United States;Northern America;"Elsevier Inc.";"2014-2026";"Education (Q4); Multidisciplinary (Q4)";"Multidisciplinary; Social Sciences"
125;13883;"Caribbean Journal of Science";journal;"00086452";"University of Puerto Rico Medical Sciences Campus";No;No;0,130;Q4;38;0;0;0;0;0;0,00;0,00;0,00;0;Puerto Rico;Latin America;"University of Puerto Rico Medical Sciences Campus";"1980, 1982-2010, 2016";"Multidisciplinary (Q4)";"Multidisciplinary"
126;21100902543;"Science and Technology Asia";journal;"25869027, 25869000";"Thammasat University";No;No;0,130;Q4;11;80;123;2166;60;123;0,40;27,08;41,67;0;Thailand;Asiatic Region;"Thammasat University";"2018-2025";"Agricultural and Biological Sciences (miscellaneous) (Q4); Mathematics (miscellaneous) (Q4); Multidisciplinary (Q4)";"Agricultural and Biological Sciences; Mathematics; Multidisciplinary"
127;21100942865;"Mindanao Journal of Science and Technology";journal;"24493686, 22440410";"University of Science and Technology of Southern Philippines";No;No;0,129;Q4;8;30;51;1077;22;51;0,43;35,90;39,73;0;Philippines;Asiatic Region;"University of Science and Technology of Southern Philippines";"2019-2025";"Multidisciplinary (Q4)";"Multidisciplinary"
128;19900191882;"Journal of Sciences, Islamic Republic of Iran";journal;"10161104";"University of Tehran";Yes;Yes;0,127;Q4;17;22;86;750;40;86;0,39;34,09;43,10;0;Iran;Middle East;"University of Tehran";"2011-2025";"Multidisciplinary (Q4)";"Multidisciplinary"
129;33604;"Journal and Proceedings of the Royal Society of New South Wales";journal;"00359173";"Royal Society of New South Wales";No;No;0,125;Q4;12;31;97;402;26;90;0,20;12,97;27,03;0;Australia;Pacific Region;"Royal Society of New South Wales";"1982-1997, 2009-2025";"Multidisciplinary (Q4)";"Multidisciplinary"
130;90979;"Shanghai Kou Qiang Yi Xue / Shanghai Journal of Stomatology";journal;"10067248";"";No;No;0,123;-;13;131;406;1959;99;406;0,18;14,95;41,28;0;China;Asiatic Region;"";"2003-2025";"Medicine (miscellaneous) (Q4)";"Medicine"
131;6500153124;"Theology and Science";journal;"14746719, 14746700";"Routledge";No;No;0,122;Q4;18;37;141;24;77;112;0,55;0,65;21,88;0;United Kingdom;Western Europe;"Routledge";"2003-2026";"Religious Studies (Q3); History and Philosophy of Science (Q4); Multidisciplinary (Q4)";"Arts and Humanities; Multidisciplinary"
132;37052;"Papers and Proceedings of the Royal Society of Tasmania";journal;"00804703";"Royal Society of Tasmania";No;No;0,119;Q4;14;24;21;449;11;21;0,57;18,71;44,83;1;Australia;Pacific Region;"Royal Society of Tasmania";"1982-1997, 2009-2011, 2015-2021, 2023";"Multidisciplinary (Q4)";"Multidisciplinary"
133;21100464312;"Metode";journal;"21749221, 21743487";"Universitat de Valencia";Yes;Yes;0,117;Q4;9;33;84;532;19;74;0,25;16,12;46,94;1;Spain;Western Europe;"Universitat de Valencia";"2015-2025";"History and Philosophy of Science (Q4); Multidisciplinary (Q4)";"Arts and Humanities; Multidisciplinary"
134;21100934560;"Science, Engineering and Health Studies";journal;"26300087";"Silpakorn University";No;No;0,117;Q4;9;56;52;1795;28;52;0,61;32,05;52,63;0;Thailand;Asiatic Region;"Silpakorn University";"2018-2026";"Multidisciplinary (Q4)";"Multidisciplinary"
135;24197;"Scientific American";journal;"19467087, 00368733";"Scientific American Inc.";No;No;0,117;Q4;106;311;959;0;162;843;0,15;0,00;58,33;2;United States;Northern America;"Scientific American Inc.";"1947-1950, 1958-2025";"Multidisciplinary (Q4)";"Multidisciplinary"
136;21100253049;"Proceedings of Science";conference and proceedings;"18248039";"Sissa Medialab Srl";Yes;Yes;0,116;-;25;2502;5135;42928;357;5075;0,07;17,16;23,37;0;Italy;Western Europe;"Sissa Medialab Srl";"1998-2025";"Multidisciplinary";"Multidisciplinary"
137;21101021222;"Journal of Current Science and Technology";journal;"26300656, 26300583";"Rangsit University";No;No;0,115;Q4;9;44;52;1494;16;46;0,37;33,95;42,17;0;Thailand;Asiatic Region;"Rangsit University";"2018-2026";"Multidisciplinary (Q4)";"Multidisciplinary"
138;21101041813;"Chinese Annals of History of Science and Technology";journal;"20964226";"Science Press";No;No;0,111;Q4;5;14;46;428;9;46;0,13;30,57;50,00;0;China;Asiatic Region;"Science Press";"2017-2025";"Multidisciplinary (Q4)";"Multidisciplinary"
139;21100202735;"Revista Lasallista de Investigacion";journal;"22563938, 17944449";"Corporacion Universitaria Lasallista";Yes;Yes;0,110;Q4;13;36;137;1328;34;131;0,09;36,89;45,71;2;Colombia;Latin America;"Corporacion Universitaria Lasallista";"2011, 2013-2025";"Multidisciplinary (Q4)";"Multidisciplinary"
140;21101039259;"European Journal of Interdisciplinary Studies";journal;"20673795";"Bucharest University of Economic Studies";Yes;Yes;0,108;Q4;10;13;15;496;4;15;0,27;38,15;64,29;0;Romania;Eastern Europe;"Bucharest University of Economic Studies";"2019-2025";"Multidisciplinary (Q4)";"Multidisciplinary"
141;67311;"Ciencia and Engenharia/ Science and Engineering Journal";journal;"19834071, 0103944X";"Universidade Federal de Uberlandia";No;No;0,107;Q4;7;0;4;0;0;4;0,00;0,00;0,00;0;Brazil;Latin America;"Universidade Federal de Uberlandia";"1997-2018";"Multidisciplinary (Q4)";"Multidisciplinary"
142;21753;"New Scientist";journal;"02624079";"Reed Business Information Ltd";Yes;No;0,107;Q4;20;221;835;0;66;684;0,10;0,00;36,36;0;United Kingdom;Western Europe;"Reed Business Information Ltd";"1973-2026";"Multidisciplinary (Q4)";"Multidisciplinary"
143;19700166523;"Synthesiology";journal;"18830978, 18832318";"Nat. Inst. of Adv. Industrial Science and Technology (AIST)";No;No;0,105;Q4;11;14;28;280;3;24;0,17;20,00;6,06;0;Japan;Asiatic Region;"Nat. Inst. of Adv. Industrial Science and Technology (AIST)";"2008-2019, 2021";"Engineering (miscellaneous) (Q4); Multidisciplinary (Q4); Social Sciences (miscellaneous) (Q4)";"Engineering; Multidisciplinary; Social Sciences"
144;21101018315;"Edelweiss Applied Science and Technology";journal;"25768484";"Learning Gate";No;No;0,102;Q4;14;13;28;346;2;26;0,07;26,62;64,81;0;United States;Northern America;"Learning Gate";"2019-2025";"Multidisciplinary (Q4)";"Multidisciplinary"
145;25966;"Smithsonian";journal;"00377333";"Smithsonian Institution";No;No;0,102;Q4;12;0;112;0;7;12;0,00;0,00;0,00;0;United States;Northern America;"Smithsonian Institution";"1971, 1975-1981, 1983-1984, 1987, 1989, 1996-1998, 2000-2011, 2013-2018";"Anthropology (Q4); Arts and Humanities (miscellaneous) (Q4); Multidisciplinary (Q4)";"Arts and Humanities; Multidisciplinary; Social Sciences"
146;21100817622;"Studies in Spanish and Latin American Cinemas";journal;"20504845, 20504837";"Intellect Ltd.";No;No;0,102;Q4;8;22;59;826;7;59;0,05;37,55;63,64;0;United Kingdom;Western Europe;"Intellect Ltd.";"2013-2024";"Visual Arts and Performing Arts (Q3); Communication (Q4); Cultural Studies (Q4); Multidisciplinary (Q4)";"Arts and Humanities; Multidisciplinary; Social Sciences"
147;37540;"Bulletin de la Societe Vaudoise des Sciences Naturelles";journal;"00379603";"Societe Vaudoise des Sciences Naturelles";No;No;0,101;Q4;11;22;43;481;5;38;0,14;21,86;28,57;0;Switzerland;Western Europe;"Societe Vaudoise des Sciences Naturelles";"1981-2013, 2015, 2017-2024";"Multidisciplinary (Q4)";"Multidisciplinary"
148;21100903489;"Radovi Zavoda za Znanstvenoistrazivacki i Umjetnicki Rad u Bjelovaru";journal;"18469787, 18487912";"Croatian Academy of Sciences and Arts";Yes;Yes;0,101;Q4;2;10;45;280;2;42;0,00;28,00;35,71;0;Croatia;Eastern Europe;"Croatian Academy of Sciences and Arts";"2018-2026";"History and Philosophy of Science (Q4); Multidisciplinary (Q4); Social Sciences (miscellaneous) (Q4)";"Arts and Humanities; Multidisciplinary; Social Sciences"
149;38958;"Research and Development (Barrington, Illinois)";journal;"07469179";"Advantage Business Media";No;No;0,101;Q4;3;0;32;0;0;28;0,00;0,00;0,00;0;United States;Northern America;"Advantage Business Media";"1984-1989, 1994-1996, 1998-1999, 2001-2002, 2007-2018";"Industrial and Manufacturing Engineering (Q4); Multidisciplinary (Q4)";"Engineering; Multidisciplinary"
150;23467;"Taiwan Review";journal;"17275199, 17275148";"Kwang Hwa Publishing Co.";No;No;0,100;Q4;3;74;216;0;1;211;0,00;0,00;42,86;0;Taiwan;Asiatic Region;"Kwang Hwa Publishing Co.";"2003-2026";"Multidisciplinary (Q4)";"Multidisciplinary"
151;21101061448;"AAS Open Research";journal;"25159321";"F1000 Research Ltd";Yes;No;;-;10;11;26;428;27;24;1,08;38,91;44,87;0;United Kingdom;Western Europe;"F1000 Research Ltd";"2018-2024";"Multidisciplinary";"Multidisciplinary"
152;21101272608;"Al-Nahrain Journal of Science";journal;"26635453, 26635461";"Al-Nahrain University College of Science";No;No;;-;9;44;46;1181;24;46;0,52;26,84;40,70;0;Iraq;Middle East;"Al-Nahrain University College of Science";"2020-2025";"Multidisciplinary";"Multidisciplinary"
153;21101224006;"Anales de la Academia de Ciencias de Cuba";journal;"23040106";"Editorial Ciencias Medicas";Yes;Yes;;-;11;89;225;2763;114;212;0,72;31,04;48,11;0;Cuba;Latin America;"Editorial Ciencias Medicas";"2011-2025";"Multidisciplinary";"Multidisciplinary"
154;21101262345;"Arabian Journal of Scientific Research";journal;"27080463";"HBKU Press";Yes;Yes;;-;2;13;13;444;0;11;0,00;34,15;55,00;0;Qatar;Middle East;"HBKU Press";"2020-2025";"Multidisciplinary";"Multidisciplinary"
155;21101223875;"Bangabandhu Sheikh Mujib Medical University Journal";journal;"20742908, 22247750";"Bangabandhu Sheikh Mujib Medical University";Yes;Yes;;-;3;44;21;1016;1;19;0,05;23,09;25,53;0;Bangladesh;Asiatic Region;"Bangabandhu Sheikh Mujib Medical University";"2020-2026";"Multidisciplinary";"Multidisciplinary"
156;21101213853;"Bangladesh Journal of Multidisciplinary Scientific Research";journal;"26878518, 2687850X";"Centre for Research on Islamic Banking and Finance and Business";No;No;;-;6;15;10;296;3;10;0,30;19,73;34,62;1;United States;Northern America;"Centre for Research on Islamic Banking and Finance and Business";"2020-2026";"Multidisciplinary";"Multidisciplinary"
157;21101202019;"BenchCouncil Transactions on Benchmarks, Standards and Evaluations";journal;"27724859";"";Yes;Yes;;-;13;12;0;415;0;0;0,00;34,58;33,33;0;China;Asiatic Region;"";"2021-2025";"Artificial Intelligence; Computer Science (miscellaneous); Multidisciplinary; Strategy and Management";"Business, Management and Accounting; Computer Science; Multidisciplinary"
158;21101238108;"Ceylon Journal of Science";journal;"2513230X, 25132814";"University of Peradeniya";Yes;Yes;;-;10;64;56;2135;37;51;0,66;33,36;43,59;1;Sri Lanka;Asiatic Region;"University of Peradeniya";"2020-2026";"Multidisciplinary";"Multidisciplinary"
159;21101092536;"Chaos Theory and Applications";journal;"26874539";"";Yes;No;;-;16;13;18;337;68;17;3,78;25,92;8,00;0;Turkey;Middle East;"";"2019-2025";"Biomedical Engineering; Electrical and Electronic Engineering; Engineering (miscellaneous); Mechanical Engineering";"Engineering"
160;21101196033;"East African Journal of Science, Technology and Innovation";journal;"27070425";"East African Science and Technology Commission - EASTECO KG";No;No;;-;6;54;27;2583;6;27;0,22;47,83;26,53;4;Rwanda;Africa;"East African Science and Technology Commission - EASTECO KG";"2019-2026";"Multidisciplinary";"Multidisciplinary"
161;21101323940;"Encyclopedia";journal;"26738392";"Multidisciplinary Digital Publishing Institute (MDPI)";Yes;No;;-;37;86;0;6128;0;0;0,00;71,26;36,89;5;Switzerland;Western Europe;"Multidisciplinary Digital Publishing Institute (MDPI)";"2021-2026";"Multidisciplinary";"Multidisciplinary"
162;21101202300;"EQA";journal;"20399898, 22814485";"Department of Agricultural and Food Sciences, University of Bologna";Yes;Yes;;-;9;30;45;1114;32;45;0,71;37,13;33,33;1;Italy;Western Europe;"Department of Agricultural and Food Sciences, University of Bologna";"2019-2026";"Multidisciplinary";"Multidisciplinary"
163;21101100111;"European Journal of STEM Education";journal;"24684368";"Lectito";Yes;No;;-;13;19;15;873;20;15;1,33;45,95;47,83;4;Netherlands;Western Europe;"Lectito";"2019-2026";"Multidisciplinary";"Multidisciplinary"
164;21101104475;"Experimental Results";journal;"2516712X";"Cambridge University Press";Yes;Yes;;-;9;37;54;706;29;54;0,54;19,08;39,81;2;United Kingdom;Western Europe;"Cambridge University Press";"2020-2025";"Multidisciplinary";"Multidisciplinary"
165;21101188438;"Exploration";journal;"27662098, 27668509";"John Wiley and Sons Inc";Yes;No;;-;65;30;0;2880;0;0;0,00;96,00;33,17;0;China;Asiatic Region;"John Wiley and Sons Inc";"2021-2026";"Multidisciplinary";"Multidisciplinary"
166;21101188475;"Frontiers in Network Physiology";journal;"26740109";"Frontiers Media SA";Yes;No;;-;18;22;0;2031;0;0;0,00;92,32;37,74;2;Switzerland;Western Europe;"Frontiers Media SA";"2021-2026";"Physiology (medical); Statistical and Nonlinear Physics";"Medicine; Physics and Astronomy"
167;21101065105;"Fundamental Research";journal;"20969457, 26673258";"KeAi Communications Co.";Yes;No;;-;43;113;0;5777;0;0;0,00;51,12;33,21;5;China;Asiatic Region;"KeAi Communications Co.";"2021-2026";"Multidisciplinary";"Multidisciplinary"
168;21101117185;"Gateways";journal;"18363393";"UTS ePRESS";Yes;Yes;;-;8;19;27;586;25;25;0,93;30,84;62,50;0;Australia;Pacific Region;"UTS ePRESS";"2019-2025";"Multidisciplinary";"Multidisciplinary"
169;21101347009;"Geographic Information Systems Odyssey Journal";journal;"27202682";"SILGIS Association";No;No;;-;4;25;0;607;0;0;0,00;24,28;47,73;0;Poland;Eastern Europe;"SILGIS Association";"2021-2025";"Multidisciplinary";"Multidisciplinary"
170;21101170608;"Georgetown Journal of International Affairs";journal;"15260054, 24718831";"Johns Hopkins University Press";No;No;;-;9;45;58;1195;16;38;0,28;26,56;33,33;5;United States;Northern America;"Johns Hopkins University Press";"2019-2025";"Multidisciplinary";"Multidisciplinary"
171;21101107573;"Global Challenges";journal;"20566646";"John Wiley and Sons Inc";Yes;No;;-;56;59;186;4661;879;181;4,98;79,00;30,94;4;United States;Northern America;"John Wiley and Sons Inc";"2017-2026";"Multidisciplinary";"Multidisciplinary"
172;21101140350;"Health Data Science";journal;"20971095, 27658783";"American Association for the Advancement of Science";Yes;Yes;;-;14;18;0;839;0;0;0,00;46,61;40,38;1;United States;Northern America;"American Association for the Advancement of Science";"2021-2026";"Multidisciplinary";"Multidisciplinary"
173;21101119528;"Humanities (Switzerland)";journal;"20760787";"Multidisciplinary Digital Publishing Institute (MDPI)";Yes;No;;-;14;126;324;5771;131;303;0,40;45,80;48,91;1;Switzerland;Western Europe;"Multidisciplinary Digital Publishing Institute (MDPI)";"2011-2013, 2015-2026";"Multidisciplinary";"Multidisciplinary"
174;21101171778;"Ianna Journal of Interdisciplinary Studies";journal;"27359891, 27359883";"";Yes;No;;-;12;17;25;584;65;23;2,60;34,35;16,67;0;Nigeria;Africa;"";"2019-2026";"Multidisciplinary";"Multidisciplinary"
175;22476;"Informacion Tecnologica (discontinued)";journal;"07180764, 07168756";"Centro de Informacion Tecnologica";Yes;No;;-;23;50;490;1366;347;480;0,72;27,32;31,65;0;Chile;Latin America;"Centro de Informacion Tecnologica";"1996-2021";"Agricultural and Biological Sciences (miscellaneous); Business, Management and Accounting (miscellaneous); Chemical Engineering (miscellaneous); Chemistry (miscellaneous); Computer Science Applications; Computer Science (miscellaneous); Energy (miscellaneous); Food Science; Geotechnical Engineering and Engineering Geology; Industrial and Manufacturing Engineering; Materials Science (miscellaneous); Multidisciplinary; Strategy and Management";"Agricultural and Biological Sciences; Business, Management and Accounting; Chemical Engineering; Chemistry; Computer Science; Earth and Planetary Sciences; Energy; Engineering; Materials Science; Multidisciplinary"
176;21101178110;"International Exchange and Innovation Conference on Engineering and Sciences";conference and proceedings;"24341436";"Kyushu University";No;No;;-;11;52;89;1487;69;87;0,78;28,60;18,10;0;Japan;Asiatic Region;"Kyushu University";"2019-2025";"Multidisciplinary";"Multidisciplinary"
177;21101045271;"International Journal of Advanced and Applied Sciences";journal;"23133724, 2313626X";"Institute of Advanced Science Extension (IASE)";Yes;No;;-;19;180;343;5581;185;343;0,54;31,01;35,16;0;Taiwan;Asiatic Region;"Institute of Advanced Science Extension (IASE)";"2019-2026";"Multidisciplinary";"Multidisciplinary"
178;21101152875;"International Journal of Canadian Studies";journal;"19235291";"University of Toronto Press";No;No;;-;3;6;14;251;1;10;0,07;41,83;40,00;0;Canada;Northern America;"University of Toronto Press";"2020-2025";"Multidisciplinary";"Multidisciplinary"
179;21101140508;"International Journal of Experimental Research and Review (discontinued)";journal;"24554855";"";No;No;;-;11;23;31;814;2;31;0,06;35,39;30,00;0;India;Asiatic Region;"";"2019-2024";"Agricultural and Biological Sciences (miscellaneous); Animal Science and Zoology; Ecology, Evolution, Behavior and Systematics; Environmental Science (miscellaneous); Health, Toxicology and Mutagenesis; Multidisciplinary; Plant Science";"Agricultural and Biological Sciences; Environmental Science; Multidisciplinary"
180;21101284807;"International Journal on Culture, History, and Religion (discontinued)";journal;"30281318";"";No;No;;-;6;9;0;146;0;0;0,00;16,22;36,36;0;Philippines;Asiatic Region;"";"2021, 2023-2025";"Multidisciplinary";"Multidisciplinary"
181;21101184716;"International Research Journal of Multidisciplinary Scope";journal;"2582631X";"Iquz Galaxy Publisher";No;No;;-;8;16;27;326;4;27;0,15;20,38;15,79;0;India;Asiatic Region;"Iquz Galaxy Publisher";"2020-2026";"Multidisciplinary";"Multidisciplinary"
182;21101339732;"Invention Disclosure";journal;"27724441";"Elsevier B.V.";Yes;No;;-;3;2;0;17;0;0;0,00;8,50;0,00;0;Netherlands;Western Europe;"Elsevier B.V.";"2021-2026";"Multidisciplinary";"Multidisciplinary"
183;21101066734;"Israa University Journal of Applied Science";journal;"25230522";"Israa University";No;No;;-;5;12;19;503;4;19;0,31;41,92;25,86;0;Palestine;Middle East;"Israa University";"2017-2026";"Multidisciplinary";"Multidisciplinary"
184;21101119543;"Journal of Advanced Research in Applied Sciences and Engineering Technology (discontinued)";journal;"24621943";"Semarak Ilmu Publishing";No;No;;-;24;30;39;792;55;39;1,41;26,40;48,45;0;Malaysia;Asiatic Region;"Semarak Ilmu Publishing";"2019-2025";"Multidisciplinary";"Multidisciplinary"
185;21101270127;"Journal of Applied Science and Engineering";journal;"27089967, 27089975";"Tamkang University";Yes;No;;-;34;112;224;2680;163;224;0,83;23,93;30,53;0;Taiwan;Asiatic Region;"Tamkang University";"2012-2026";"Engineering (miscellaneous); Multidisciplinary";"Engineering; Multidisciplinary"
186;21101121580;"Journal of Food Technology Research";journal;"23126426, 23123796";"Conscientia Beam";No;No;;-;8;7;24;203;8;24;0,33;29,00;21,43;0;United States;Northern America;"Conscientia Beam";"2019-2025";"Multidisciplinary";"Multidisciplinary"
187;21101147602;"Journal of Multidisciplinary Applied Natural Science";journal;"27743047";"Pandawa Institute";Yes;No;;-;11;14;0;567;0;0;0,00;40,50;32,56;0;Indonesia;Asiatic Region;"Pandawa Institute";"2021-2026";"Chemistry (miscellaneous); Environmental Science (miscellaneous); Materials Science (miscellaneous); Multidisciplinary";"Chemistry; Environmental Science; Materials Science; Multidisciplinary"
188;21101285761;"Journal of Science and Mathematics Letters";journal;"26008718, 24622052";"Universiti Pendidikan Sultan Idris";No;No;;-;5;28;0;747;0;0;0,00;26,68;49,09;0;Malaysia;Asiatic Region;"Universiti Pendidikan Sultan Idris";"2021-2026";"Multidisciplinary";"Multidisciplinary"
189;23650;"Journal of Scientific Exploration (discontinued)";journal;"08923310";"Society for Scientific Exploration";Yes;Yes;;-;22;1;24;8;3;18;0,00;8,00;0,00;0;United States;Northern America;"Society for Scientific Exploration";"1997-1998, 2000-2018, 2021";"Multidisciplinary";"Multidisciplinary"
190;21101149628;"Journal of Scientific Research in Science";journal;"23568372, 23568364";"Ain Shams University, Faculty of Women for Arts, Science &amp; Education";Yes;No;;-;5;23;0;980;0;0;0,00;42,61;59,70;0;Egypt;Africa/Middle East;"Ain Shams University, Faculty of Women for Arts, Science &amp; Education";"2015-2025";"Multidisciplinary";"Multidisciplinary"
191;21101112531;"Journal of Taiyuan University of Technology";journal;"10079432";"Taiyuan University of Technology";Yes;No;;-;9;137;254;2673;104;254;0,41;19,51;34,89;0;China;Asiatic Region;"Taiyuan University of Technology";"2019-2025";"Multidisciplinary";"Multidisciplinary"
192;21101206993;"Journal of Zhengzhou University - Natural Science";journal;"16716841";"";No;No;;-;10;67;68;1309;46;68;0,68;19,54;40,50;0;China;Asiatic Region;"";"2020-2025";"Artificial Intelligence; Computational Theory and Mathematics; Computer Science Applications; Multidisciplinary";"Computer Science; Multidisciplinary"
193;21101060491;"Know";journal;"2473599X, 24736007";"University of Chicago Press";No;No;;-;7;11;42;0;20;27;0,41;0,00;23,08;0;United States;Northern America;"University of Chicago Press";"2017-2024";"Multidisciplinary";"Multidisciplinary"
194;21101215784;"Kriminologija and Socijalna Integracija";journal;"18487963";"University of Zagreb, Faculty of Education and Rehabilitation Sciences";Yes;Yes;;-;4;13;15;734;4;15;0,27;56,46;75,00;0;Croatia;Eastern Europe;"University of Zagreb, Faculty of Education and Rehabilitation Sciences";"2020-2025";"Multidisciplinary";"Multidisciplinary"
195;21101312177;"Kurdistan Journal of Applied Research";journal;"24117706, 24117684";"Sulaimani Polytechnic University";Yes;No;;-;7;31;0;1030;0;0;0,00;33,23;24,00;0;Iraq;Middle East;"Sulaimani Polytechnic University";"2018, 2021-2026";"Multidisciplinary";"Multidisciplinary"
196;21101277819;"Maskana";journal;"13906143, 24778893";"University of Cuenca";Yes;Yes;;-;3;17;0;540;0;0;0,00;31,76;67,44;0;Ecuador;Latin America;"University of Cuenca";"2021-2025";"Multidisciplinary";"Multidisciplinary"
197;21101284803;"Medical Journal of Shree Birendra Hospital";journal;"20910193, 20910185";"Nepalese Army Institute of Health Sciences";Yes;No;;-;3;29;21;545;3;18;0,14;18,79;46,51;0;Nepal;Asiatic Region;"Nepalese Army Institute of Health Sciences";"2020-2025";"Multidisciplinary";"Multidisciplinary"
198;21101287779;"Medicine, Law and Society";journal;"26302535, 24637955";"University of Maribor Press";No;No;;-;3;23;0;731;0;0;0,00;31,78;47,06;0;Slovenia;Eastern Europe;"University of Maribor Press";"2021-2025";"Multidisciplinary";"Multidisciplinary"
199;21101133576;"Multidisciplinary Science Journal";journal;"26751240";"Malque Publishing";No;No;;-;12;19;14;437;0;14;0,00;23,00;45,88;0;Brazil;Latin America;"Malque Publishing";"2019-2026";"Multidisciplinary";"Multidisciplinary"
200;21101166819;"Natural Resources for Human Health";journal;"25831194";"Visagaa Publishing House";No;No;;-;9;16;0;753;0;0;0,00;47,06;29,41;1;India;Asiatic Region;"Visagaa Publishing House";"2021-2026";"Multidisciplinary";"Multidisciplinary"
201;21101239953;"Natural Sciences";journal;"26986248";"Wiley-VCH Verlag";Yes;No;;-;14;19;0;1182;0;0;0,00;62,21;22,89;0;Germany;Western Europe;"Wiley-VCH Verlag";"2021-2026";"Biochemistry, Genetics and Molecular Biology (miscellaneous); Chemistry (miscellaneous); Multidisciplinary; Physics and Astronomy (miscellaneous)";"Biochemistry, Genetics and Molecular Biology; Chemistry; Multidisciplinary; Physics and Astronomy"
202;21101210511;"New Trends in Qualitative Research";journal;"21847770";"Ludomedia EN";Yes;Yes;;-;7;216;203;5116;53;198;0,26;23,69;73,62;3;Portugal;Western Europe;"Ludomedia EN";"2020-2026";"Multidisciplinary";"Multidisciplinary"
203;21101259370;"Nsukka Journal of the Humanities";journal;"07948107, 23610034";"";No;No;;-;2;20;15;603;1;14;0,07;30,15;29,17;0;Nigeria;Africa;"";"2020-2025";"Archeology (arts and humanities); History; Multidisciplinary";"Arts and Humanities; Multidisciplinary"
204;21101120611;"Open Research Europe";journal;"27325121";"F1000 Research Ltd";Yes;Yes;;-;17;56;0;2901;0;0;0,00;51,80;41,97;5;United Kingdom;Western Europe;"F1000 Research Ltd";"2021-2026";"Multidisciplinary";"Multidisciplinary"
205;21101291269;"Palawan Scientist";journal;"24675903, 16564707";"Western Philippines University";No;No;;-;4;19;0;617;0;0;0,00;32,47;40,00;0;Philippines;Asiatic Region;"Western Philippines University";"2021-2025";"Multidisciplinary";"Multidisciplinary"
206;21101337822;"Polytechnic Journal";journal;"27077799, 23135727";"Erbil Polytechnic University";Yes;No;;-;7;40;0;1102;0;0;0,00;27,55;26,15;0;Iraq;Middle East;"Erbil Polytechnic University";"2021-2025";"Multidisciplinary";"Multidisciplinary"
207;21101175788;"Proceedings of Engineering and Technology Innovation";journal;"2518833X, 24137146";"Taiwan Association of Engineering and Technology Innovation";Yes;No;;-;8;18;36;387;29;36;0,81;21,50;17,65;0;Taiwan;Asiatic Region;"Taiwan Association of Engineering and Technology Innovation";"2019-2025";"Multidisciplinary";"Multidisciplinary"
208;21101105288;"Recoletos Multidisciplinary Research Journal";journal;"24083755, 24231398";"University of San Jose-Recoletos";Yes;Yes;;-;7;23;39;612;4;39;0,14;26,61;40,74;0;Philippines;Asiatic Region;"University of San Jose-Recoletos";"2013-2025";"Multidisciplinary";"Multidisciplinary"
209;21101178120;"Revista Interdisciplinar de Ciencia Aplicada";journal;"25253824";"University of Caxias do Sul";No;No;;-;3;9;17;213;3;15;0,18;23,67;55,56;0;Brazil;Latin America;"University of Caxias do Sul";"2019, 2021-2025";"Multidisciplinary";"Multidisciplinary"
210;21101131037;"Salud, Ciencia y Tecnologia (discontinued)";journal;"27969711";"";No;No;;-;19;35;0;803;0;0;0,00;22,94;64,44;0;Argentina;Latin America;"";"2021-2025";"Engineering (miscellaneous); Health Professions (miscellaneous); Multidisciplinary; Nursing (miscellaneous)";"Engineering; Health Professions; Multidisciplinary; Nursing"
211;21101215098;"Sapienza (discontinued)";journal;"26759780";"Sapienza Grupo Editorial";No;No;;-;6;70;5;2271;0;5;0,00;32,44;39,24;1;Brazil;Latin America;"Sapienza Grupo Editorial";"2020-2025";"Multidisciplinary";"Multidisciplinary"
212;21101126971;"Sci";journal;"24134155";"Multidisciplinary Digital Publishing Institute (MDPI)";Yes;No;;-;23;46;43;2527;57;38;1,33;54,93;33,33;1;Switzerland;Western Europe;"Multidisciplinary Digital Publishing Institute (MDPI)";"2019-2026";"Multidisciplinary";"Multidisciplinary"
213;21101262281;"SN Social Sciences";journal;"26629283";"Springer Nature";No;No;;-;22;287;0;17562;0;0;0,00;61,19;44,95;32;Switzerland;Western Europe;"Springer Nature";"2021-2026";"Multidisciplinary";"Multidisciplinary"
214;21101183723;"Southeastern Philippines Journal of Research and Development";journal;"01176293, 27189201";"University of Southeastern Philippines";No;No;;-;4;10;0;349;0;0;0,00;34,90;36,36;0;Philippines;Asiatic Region;"University of Southeastern Philippines";"2021-2025";"Multidisciplinary";"Multidisciplinary"
215;21101076082;"Transdisciplinary Journal of Engineering and Science";journal;"19490569";"ATLAS";Yes;Yes;;-;9;18;34;467;14;34;0,41;25,94;34,62;0;United States;Northern America;"ATLAS";"2016, 2019-2026";"Multidisciplinary";"Multidisciplinary"
216;21101068817;"Trends in Sciences";journal;"27740226";"Walailak University";No;No;;-;28;270;291;8649;206;291;0,69;32,03;42,00;1;Thailand;Asiatic Region;"Walailak University";"2021-2026";"Multidisciplinary";"Multidisciplinary"
217;21101180044;"Undergraduate Research in Natural and Clinical Science and Technology Journal";journal;"25615637";"";No;No;;-;6;70;44;2234;6;32;0,06;31,91;62,00;0;Canada;Northern America;"";"2017-2026";"Multidisciplinary";"Multidisciplinary"
218;21100325436;"Vibroengineering Procedia";conference and proceedings;"23450533";"EXTRICA";No;No;;-;17;99;667;1077;291;648;0,52;10,88;23,29;1;Lithuania;Eastern Europe;"EXTRICA";"2013-2025";"Control and Systems Engineering; Electrical and Electronic Engineering; Materials Science (miscellaneous); Mechanical Engineering; Multidisciplinary; Ocean Engineering";"Engineering; Materials Science; Multidisciplinary"
219;21101257950;"Vodohospodarske Technicko-Ekonomicke Informace";journal;"18056555, 03228916";"";Yes;Yes;;-;5;48;150;665;28;89;0,20;13,85;36,90;0;Czech Republic;Eastern Europe;"";"2016-2026";"Multidisciplinary; Water Science and Technology";"Environmental Science; Multidisciplinary"
220;21101087358;"WikiJournal of Science";journal;"24706345";"";Yes;Yes;;-;6;6;23;399;10;21;0,27;66,50;37,50;0;United States;Northern America;"";"2018-2024";"Multidisciplinary";"Multidisciplinary"
