exported_at,candidate_id,source,source_record_id,source_record_display_name,candidate_journal_id,candidate_journal_title,similarity,issn_match,publisher_match,rank_among_candidates,decision
2026-08-31T15:42:27.894267Z,20,ABDC,8268,Asia Pacific Journal of Health Management,1092,Asia Pacific Journal of Management,0.9067,False,False,1,
2026-08-31T15:42:27.894267Z,21,ABDC,8300,Asian Journal of Agriculture and Development,9153,Asian Journal of Agriculture and Rural Development,0.9362,False,False,1,
2026-08-31T15:42:27.894267Z,22,ABDC,8364,Banking and Finance Law Review,4210,Banking and Finance Review,0.9286,False,False,1,
2026-08-31T15:42:27.894267Z,28,ABDC,8693,Ekonomia,8456,Ekonomiaz,0.9412,False,False,1,
2026-08-31T15:42:27.894267Z,29,ABDC,8693,Ekonomia,10319,Ekonomika,0.9412,False,False,2,
2026-08-31T15:42:27.894267Z,30,ABDC,8965,Indian Journal of Economics,13254,Indian Economic Journal,0.9200,False,False,1,
2026-08-31T15:42:27.894267Z,31,ABDC,9041,International Journal of Accounting and Business Finance,4118,"International Journal of Banking, Accounting and Finance",0.9189,False,False,1,
2026-08-31T15:42:27.894267Z,32,ABDC,9042,International Journal of Accounting and Finance,17449,International Journal of Accounting & Finance Review,0.9307,False,False,1,
2026-08-31T15:42:27.894267Z,33,ABDC,9042,International Journal of Accounting and Finance,4118,"International Journal of Banking, Accounting and Finance",0.9216,False,False,2,
2026-08-31T15:42:27.894267Z,34,ABDC,9046,"International Journal of Accounting, Business and Finance",4118,"International Journal of Banking, Accounting and Finance",0.9189,False,False,1,
2026-08-31T15:42:27.894267Z,35,ABDC,9052,International Journal of Applied Management and Technology,14193,International Journal of Automotive Technology and Management,0.9076,False,False,1,
2026-08-31T15:42:27.894267Z,426,ABDC,9052,International Journal of Applied Management and Technology,17971,International Journal of Healthcare Technology and Management,0.9076,False,False,2,
2026-08-31T15:42:27.894267Z,36,ABDC,9057,International Journal of Automotive Technology,17454,International Journal of Automation Technology,0.9348,False,False,1,
2026-08-31T15:42:27.894267Z,37,ABDC,9063,International Journal of Business and Economics,5329,International Journal of Economics and Business Research,0.9126,False,False,1,
2026-08-31T15:42:27.894267Z,38,ABDC,9069,International Journal of Business Law,4414,International Journal of Business,0.9429,False,False,1,
2026-08-31T15:42:27.894267Z,39,ABDC,9070,International Journal of Cases on Electronic Commerce,3072,International Journal of Electronic Commerce,0.9072,False,False,1,
2026-08-31T15:42:27.894267Z,40,ABDC,9126,International Journal of Health Finance and Economics,2273,International Journal of Finance and Economics,0.9293,False,False,1,
2026-08-31T15:42:27.894267Z,41,ABDC,9130,International Journal of Home Economics,16757,International Journal of Green Economics,0.9114,False,False,1,
2026-08-31T15:42:27.894267Z,42,ABDC,9164,International Journal of Management,4374,International Journal of Arts Management,0.9333,False,False,1,
2026-08-31T15:42:27.894267Z,43,ABDC,9164,International Journal of Management,3161,International Journal of Rural Management,0.9211,False,False,2,
2026-08-31T15:42:27.894267Z,44,ABDC,9164,International Journal of Management,1254,International Journal of Stress Management,0.9091,False,False,3,
2026-08-31T15:42:27.894267Z,45,ABDC,9165,International Journal of Management and Network Economics,133,International Journal of Economics and Management,0.9245,False,False,1,
2026-08-31T15:42:27.894267Z,46,ABDC,9204,International Journal of Sport Management,3074,International Journal of Project Management,0.9286,False,False,1,
2026-08-31T15:42:27.894267Z,47,ABDC,9204,International Journal of Sport Management,15585,International Journal of Management Practice,0.9176,False,False,2,
2026-08-31T15:42:27.894267Z,48,ABDC,9204,International Journal of Sport Management,1254,International Journal of Stress Management,0.9157,False,False,3,
2026-08-31T15:42:27.894267Z,49,ABDC,9204,International Journal of Sport Management,4776,International Journal of Procurement Management,0.9091,False,False,4,
2026-08-31T15:42:27.894267Z,50,ABDC,9204,International Journal of Sport Management,3161,International Journal of Rural Management,0.9024,False,False,5,
2026-08-31T15:42:27.894267Z,51,ABDC,9268,International Tax Journal,14922,International Trade Journal,0.9231,False,False,1,
2026-08-31T15:42:27.894267Z,52,ABDC,9268,International Tax Journal,14486,International Journal,0.9130,False,False,2,
2026-08-31T15:42:27.894267Z,53,ABDC,9367,Journal of Business & Economic Studies,11459,Journal of Asian Business and Economic Studies,0.9302,False,False,1,
2026-08-31T15:42:27.894267Z,54,ABDC,9367,Journal of Business & Economic Studies,3406,Journal of Chinese Economic and Business Studies,0.9091,False,False,2,
2026-08-31T15:42:27.894267Z,55,ABDC,9387,Journal of Business Studies,5413,Journal of Asia Business Studies,0.9153,False,False,1,
2026-08-31T15:42:27.894267Z,56,ABDC,9387,Journal of Business Studies,4500,Journal of Media Business Studies,0.9000,False,False,2,
2026-08-31T15:42:27.894267Z,57,ABDC,9394,Journal of Case Studies,10674,Journal of ASEAN Studies,0.9362,False,False,1,
2026-08-31T15:42:27.894267Z,58,ABDC,9480,Journal of Economic Research,3765,Journal of Home Economics Research,0.9032,False,False,1,
2026-08-31T15:42:27.894267Z,59,ABDC,9540,Journal of Financial Education,15480,Journal of Education Finance,0.9310,False,False,1,
2026-08-31T15:42:27.894267Z,60,ABDC,9560,Journal of Forensic Economics,13954,Journal of Forest Economics,0.9286,False,False,1,
2026-08-31T15:42:27.894267Z,61,ABDC,9564,Journal of Global Business and Economics,14263,Journal of Economics and Business,0.9041,False,False,1,
2026-08-31T15:42:27.894267Z,452,ABDC,9564,Journal of Global Business and Economics,17767,The Journal of Gambling Business and Economics,0.9024,False,False,2,
2026-08-31T15:42:27.894267Z,62,ABDC,9718,Journal of Medical Economics,2985,Journal of Media Economics,0.9630,False,False,1,
2026-08-31T15:42:27.894267Z,64,ABDC,9774,Journal of Property Management,4080,Journal of Sport Management,0.9123,False,False,1,
2026-08-31T15:42:27.894267Z,65,ABDC,9800,Journal of Research for Consumers,13964,Journal of Consumer Research,0.9180,False,False,1,
2026-08-31T15:42:27.894267Z,69,ABDC,10355,Rutgers Business Law Review,9843,Rutgers Business Review,0.9200,False,False,1,
2026-08-31T15:42:27.894267Z,70,ABDC,10543,The Corporate Governance Law Review,11913,Corporate Law and Governance Review,0.9394,False,False,1,
2026-08-31T15:42:27.894267Z,71,ABDC,10919,Asia Pacific Journal of Health Management,1092,Asia Pacific Journal of Management,0.9067,False,False,1,
2026-08-31T15:42:27.894267Z,72,ABDC,10948,Asian Journal of Agriculture and Development,9153,Asian Journal of Agriculture and Rural Development,0.9362,False,False,1,
2026-08-31T15:42:27.894267Z,73,ABDC,11023,Banking and Finance Law Review,4210,Banking and Finance Review,0.9286,False,False,1,
2026-08-31T15:42:27.894267Z,79,ABDC,11350,Ekonomia,8456,Ekonomiaz,0.9412,False,False,1,
2026-08-31T15:42:27.894267Z,80,ABDC,11350,Ekonomia,10319,Ekonomika,0.9412,False,False,2,
2026-08-31T15:42:27.894267Z,81,ABDC,11627,Indian Journal of Economics,13254,Indian Economic Journal,0.9200,False,False,1,
2026-08-31T15:42:27.894267Z,82,ABDC,11671,Information Technology Management,961,Information Technology and Management,0.9429,False,False,1,
2026-08-31T15:42:27.894267Z,83,ABDC,11712,International Journal of Accounting and Business Finance,4118,"International Journal of Banking, Accounting and Finance",0.9189,False,False,1,
2026-08-31T15:42:27.894267Z,84,ABDC,11713,International Journal of Accounting and Finance,17449,International Journal of Accounting & Finance Review,0.9307,False,False,1,
2026-08-31T15:42:27.894267Z,85,ABDC,11713,International Journal of Accounting and Finance,4118,"International Journal of Banking, Accounting and Finance",0.9216,False,False,2,
2026-08-31T15:42:27.894267Z,86,ABDC,11722,International Journal of Applied Management and Technology,14193,International Journal of Automotive Technology and Management,0.9076,False,False,1,
2026-08-31T15:42:27.894267Z,466,ABDC,11722,International Journal of Applied Management and Technology,17971,International Journal of Healthcare Technology and Management,0.9076,False,False,2,
2026-08-31T15:42:27.894267Z,87,ABDC,11727,International Journal of Automotive Technology,17454,International Journal of Automation Technology,0.9348,False,False,1,
2026-08-31T15:42:27.894267Z,88,ABDC,11733,International Journal of Business and Economics,5329,International Journal of Economics and Business Research,0.9126,False,False,1,
2026-08-31T15:42:27.894267Z,89,ABDC,11739,International Journal of Business Law,4414,International Journal of Business,0.9429,False,False,1,
2026-08-31T15:42:27.894267Z,90,ABDC,11740,International Journal of Cases on Electronic Commerce,3072,International Journal of Electronic Commerce,0.9072,False,False,1,
2026-08-31T15:42:27.894267Z,91,ABDC,11786,International Journal of Finance,2832,International Journal of Sport Finance,0.9143,False,False,1,
2026-08-31T15:42:27.894267Z,92,ABDC,11801,International Journal of Health Finance and Economics,2273,International Journal of Finance and Economics,0.9293,False,False,1,
2026-08-31T15:42:27.894267Z,93,ABDC,11805,International Journal of Home Economics,16757,International Journal of Green Economics,0.9114,False,False,1,
2026-08-31T15:42:27.894267Z,94,ABDC,11839,International Journal of Management,4374,International Journal of Arts Management,0.9333,False,False,1,
2026-08-31T15:42:27.894267Z,95,ABDC,11839,International Journal of Management,3161,International Journal of Rural Management,0.9211,False,False,2,
2026-08-31T15:42:27.894267Z,96,ABDC,11839,International Journal of Management,1254,International Journal of Stress Management,0.9091,False,False,3,
2026-08-31T15:42:27.894267Z,97,ABDC,11840,International Journal of Management and Network Economics,133,International Journal of Economics and Management,0.9245,False,False,1,
2026-08-31T15:42:27.894267Z,98,ABDC,11878,International Journal of Sport Management,3074,International Journal of Project Management,0.9286,False,False,1,
2026-08-31T15:42:27.894267Z,99,ABDC,11878,International Journal of Sport Management,15585,International Journal of Management Practice,0.9176,False,False,2,
2026-08-31T15:42:27.894267Z,100,ABDC,11878,International Journal of Sport Management,1254,International Journal of Stress Management,0.9157,False,False,3,
2026-08-31T15:42:27.894267Z,101,ABDC,11878,International Journal of Sport Management,4776,International Journal of Procurement Management,0.9091,False,False,4,
2026-08-31T15:42:27.894267Z,102,ABDC,11878,International Journal of Sport Management,3161,International Journal of Rural Management,0.9024,False,False,5,
2026-08-31T15:42:27.894267Z,103,ABDC,11900,International Journal of Tourism Sciences,4672,International Journal of Urban Sciences,0.9000,False,False,1,
2026-08-31T15:42:27.894267Z,104,ABDC,11942,International Tax Journal,14922,International Trade Journal,0.9231,False,False,1,
2026-08-31T15:42:27.894267Z,105,ABDC,11942,International Tax Journal,14486,International Journal,0.9130,False,False,2,
2026-08-31T15:42:27.894267Z,106,ABDC,12040,Journal of Business & Economic Studies,11459,Journal of Asian Business and Economic Studies,0.9302,False,False,1,
2026-08-31T15:42:27.894267Z,107,ABDC,12040,Journal of Business & Economic Studies,3406,Journal of Chinese Economic and Business Studies,0.9091,False,False,2,
2026-08-31T15:42:27.894267Z,108,ABDC,12150,Journal of Economic Research,3765,Journal of Home Economics Research,0.9032,False,False,1,
2026-08-31T15:42:27.894267Z,109,ABDC,12208,Journal of Financial Education,15480,Journal of Education Finance,0.9310,False,False,1,
2026-08-31T15:42:27.894267Z,110,ABDC,12229,Journal of Forensic Economics,13954,Journal of Forest Economics,0.9286,False,False,1,
2026-08-31T15:42:27.894267Z,111,ABDC,12234,Journal of Global Business and Economics,14263,Journal of Economics and Business,0.9041,False,False,1,
2026-08-31T15:42:27.894267Z,112,ABDC,12234,Journal of Global Business and Economics,17767,The Journal of Gambling Business and Economics,0.9024,False,False,2,
2026-08-31T15:42:27.894267Z,113,ABDC,12394,Journal of Medical Economics,2985,Journal of Media Economics,0.9630,False,False,1,
2026-08-31T15:42:27.894267Z,114,ABDC,12447,Journal of Property Management,4080,Journal of Sport Management,0.9123,False,False,1,
2026-08-31T15:42:27.894267Z,115,ABDC,12474,Journal of Research for Consumers,13964,Journal of Consumer Research,0.9180,False,False,1,
2026-08-31T15:42:27.894267Z,119,ABDC,13031,Rutgers Business Law Review,9843,Rutgers Business Review,0.9200,False,False,1,
2026-08-31T15:42:27.894267Z,120,ABDC,13217,The Corporate Governance Law Review,11913,Corporate Law and Governance Review,0.9394,False,False,1,
2026-08-31T15:42:27.894267Z,121,ABDC,13232,Information Management,394,Information and Management,0.9167,False,False,1,
2026-08-31T15:42:27.894267Z,122,ABDC,13339,Transportation Law Journal,4042,Transportation Journal,0.9167,False,False,1,
2026-08-31T15:42:27.894267Z,123,ABDC,13599,Asia Pacific Journal of Health Management,1092,Asia Pacific Journal of Management,0.9067,False,False,1,
2026-08-31T15:42:27.894267Z,124,ABDC,13628,Asian Journal of Agriculture and Development,9153,Asian Journal of Agriculture and Rural Development,0.9362,False,False,1,
2026-08-31T15:42:27.894267Z,125,ABDC,13705,Banking and Finance Law Review,4210,Banking and Finance Review,0.9286,False,False,1,
2026-08-31T15:42:27.894267Z,131,ABDC,14031,Ekonomia,8456,Ekonomiaz,0.9412,False,False,1,
2026-08-31T15:42:27.894267Z,132,ABDC,14031,Ekonomia,10319,Ekonomika,0.9412,False,False,2,
2026-08-31T15:42:27.894267Z,133,ABDC,14300,Indian Journal of Economics,13254,Indian Economic Journal,0.9200,False,False,1,
2026-08-31T15:42:27.894267Z,134,ABDC,14345,Information Technology Management,961,Information Technology and Management,0.9429,False,False,1,
2026-08-31T15:42:27.894267Z,135,ABDC,14388,International Journal of Accounting and Business Finance,4118,"International Journal of Banking, Accounting and Finance",0.9189,False,False,1,
2026-08-31T15:42:27.894267Z,136,ABDC,14389,International Journal of Accounting and Finance,17449,International Journal of Accounting & Finance Review,0.9307,False,False,1,
2026-08-31T15:42:27.894267Z,137,ABDC,14389,International Journal of Accounting and Finance,4118,"International Journal of Banking, Accounting and Finance",0.9216,False,False,2,
2026-08-31T15:42:27.894267Z,138,ABDC,14399,International Journal of Applied Management and Technology,14193,International Journal of Automotive Technology and Management,0.9076,False,False,1,
2026-08-31T15:42:27.894267Z,505,ABDC,14399,International Journal of Applied Management and Technology,17971,International Journal of Healthcare Technology and Management,0.9076,False,False,2,
2026-08-31T15:42:27.894267Z,139,ABDC,14404,International Journal of Automotive Technology,17454,International Journal of Automation Technology,0.9348,False,False,1,
2026-08-31T15:42:27.894267Z,140,ABDC,14410,International Journal of Business and Economics,5329,International Journal of Economics and Business Research,0.9126,False,False,1,
2026-08-31T15:42:27.894267Z,141,ABDC,14416,International Journal of Business Law,4414,International Journal of Business,0.9429,False,False,1,
2026-08-31T15:42:27.894267Z,142,ABDC,14417,International Journal of Cases on Electronic Commerce,3072,International Journal of Electronic Commerce,0.9072,False,False,1,
2026-08-31T15:42:27.894267Z,143,ABDC,14463,International Journal of Finance,2832,International Journal of Sport Finance,0.9143,False,False,1,
2026-08-31T15:42:27.894267Z,144,ABDC,14478,International Journal of Health Finance and Economics,2273,International Journal of Finance and Economics,0.9293,False,False,1,
2026-08-31T15:42:27.894267Z,145,ABDC,14482,International Journal of Home Economics,16757,International Journal of Green Economics,0.9114,False,False,1,
2026-08-31T15:42:27.894267Z,146,ABDC,14515,International Journal of Management,4374,International Journal of Arts Management,0.9333,False,False,1,
2026-08-31T15:42:27.894267Z,147,ABDC,14515,International Journal of Management,3161,International Journal of Rural Management,0.9211,False,False,2,
2026-08-31T15:42:27.894267Z,148,ABDC,14515,International Journal of Management,1254,International Journal of Stress Management,0.9091,False,False,3,
2026-08-31T15:42:27.894267Z,149,ABDC,14516,International Journal of Management and Network Economics,133,International Journal of Economics and Management,0.9245,False,False,1,
2026-08-31T15:42:27.894267Z,150,ABDC,14517,International Journal of Management and Systems,5461,International Journal of Agile Systems and Management,0.9400,False,False,1,
2026-08-31T15:42:27.894267Z,151,ABDC,14517,International Journal of Management and Systems,15429,International Journal of Logistics Systems and Management,0.9038,False,False,2,
2026-08-31T15:42:27.894267Z,152,ABDC,14518,International Journal of Management Perspectives,15585,International Journal of Management Practice,0.9130,False,False,1,
2026-08-31T15:42:27.894267Z,153,ABDC,14518,International Journal of Management Perspectives,3074,International Journal of Project Management,0.9011,False,False,2,
2026-08-31T15:42:27.894267Z,154,ABDC,14518,International Journal of Management Perspectives,3853,International Journal of Management Reviews,0.9011,False,False,3,
2026-08-31T15:42:27.894267Z,155,ABDC,14556,International Journal of Sport Management,3074,International Journal of Project Management,0.9286,False,False,1,
2026-08-31T15:42:27.894267Z,156,ABDC,14556,International Journal of Sport Management,15585,International Journal of Management Practice,0.9176,False,False,2,
2026-08-31T15:42:27.894267Z,157,ABDC,14556,International Journal of Sport Management,1254,International Journal of Stress Management,0.9157,False,False,3,
2026-08-31T15:42:27.894267Z,158,ABDC,14556,International Journal of Sport Management,4776,International Journal of Procurement Management,0.9091,False,False,4,
2026-08-31T15:42:27.894267Z,159,ABDC,14556,International Journal of Sport Management,3161,International Journal of Rural Management,0.9024,False,False,5,
2026-08-31T15:42:27.894267Z,160,ABDC,14578,International Journal of Tourism Sciences,4672,International Journal of Urban Sciences,0.9000,False,False,1,
2026-08-31T15:42:27.894267Z,161,ABDC,14621,International Tax Journal,14922,International Trade Journal,0.9231,False,False,1,
2026-08-31T15:42:27.894267Z,162,ABDC,14621,International Tax Journal,14486,International Journal,0.9130,False,False,2,
2026-08-31T15:42:27.894267Z,163,ABDC,14705,Journal of Asian Business,14167,Journal of African Business,0.9231,False,False,1,
2026-08-31T15:42:27.894267Z,164,ABDC,14721,Journal of Business & Economic Studies,11459,Journal of Asian Business and Economic Studies,0.9302,False,False,1,
2026-08-31T15:42:27.894267Z,165,ABDC,14721,Journal of Business & Economic Studies,3406,Journal of Chinese Economic and Business Studies,0.9091,False,False,2,
2026-08-31T15:42:27.894267Z,166,ABDC,14831,Journal of Economic Research,3765,Journal of Home Economics Research,0.9032,False,False,1,
2026-08-31T15:42:27.894267Z,167,ABDC,14888,Journal of Financial Education,15480,Journal of Education Finance,0.9310,False,False,1,
2026-08-31T15:42:27.894267Z,168,ABDC,14909,Journal of Forensic Economics,13954,Journal of Forest Economics,0.9286,False,False,1,
2026-08-31T15:42:27.894267Z,169,ABDC,14914,Journal of Global Business and Economics,14263,Journal of Economics and Business,0.9041,False,False,1,
2026-08-31T15:42:27.894267Z,170,ABDC,14914,Journal of Global Business and Economics,17767,The Journal of Gambling Business and Economics,0.9024,False,False,2,
2026-08-31T15:42:27.894267Z,171,ABDC,15074,Journal of Medical Economics,2985,Journal of Media Economics,0.9630,False,False,1,
2026-08-31T15:42:27.894267Z,172,ABDC,15127,Journal of Property Management,4080,Journal of Sport Management,0.9123,False,False,1,
2026-08-31T15:42:27.894267Z,173,ABDC,15154,Journal of Research for Consumers,13964,Journal of Consumer Research,0.9180,False,False,1,
2026-08-31T15:42:27.894267Z,177,ABDC,15711,Rutgers Business Law Review,9843,Rutgers Business Review,0.9200,False,False,1,
2026-08-31T15:42:27.894267Z,178,ABDC,15895,The Corporate Governance Law Review,11913,Corporate Law and Governance Review,0.9394,False,False,1,
2026-08-31T15:42:27.894267Z,179,ABDC,16018,Transportation Law Journal,4042,Transportation Journal,0.9167,False,False,1,
2026-08-31T15:42:27.894267Z,180,ABDC,16283,Asia Pacific Journal of Health Management,1092,Asia Pacific Journal of Management,0.9067,False,False,1,
2026-08-31T15:42:27.894267Z,181,ABDC,16313,Asian Journal of Agriculture and Development,9153,Asian Journal of Agriculture and Rural Development,0.9362,False,False,1,
2026-08-31T15:42:27.894267Z,182,ABDC,16317,Asian Journal of Finance and Accounting,17260,Asian Journal of Accounting and Governance,0.9136,False,False,1,
2026-08-31T15:42:27.894267Z,183,ABDC,16394,Banking and Finance Law Review,4210,Banking and Finance Review,0.9286,False,False,1,
2026-08-31T15:42:27.894267Z,184,ABDC,16631,Development Review,716,Developmental Review,0.9474,False,False,1,
2026-08-31T15:42:27.894267Z,190,ABDC,16707,Ekonomia,8456,Ekonomiaz,0.9412,False,False,1,
2026-08-31T15:42:27.894267Z,191,ABDC,16707,Ekonomia,10319,Ekonomika,0.9412,False,False,2,
2026-08-31T15:42:27.894267Z,192,ABDC,16981,Indian Journal of Economics,13254,Indian Economic Journal,0.9200,False,False,1,
2026-08-31T15:42:27.894267Z,193,ABDC,17021,Information Technology Management,961,Information Technology and Management,0.9429,False,False,1,
2026-08-31T15:42:27.894267Z,194,ABDC,17060,International Journal of Accounting and Finance,17449,International Journal of Accounting & Finance Review,0.9307,False,False,1,
2026-08-31T15:42:27.894267Z,195,ABDC,17060,International Journal of Accounting and Finance,4118,"International Journal of Banking, Accounting and Finance",0.9216,False,False,2,
2026-08-31T15:42:27.894267Z,196,ABDC,17073,International Journal of Applied Management and Technology,14193,International Journal of Automotive Technology and Management,0.9076,False,False,1,
2026-08-31T15:42:27.894267Z,551,ABDC,17073,International Journal of Applied Management and Technology,17971,International Journal of Healthcare Technology and Management,0.9076,False,False,2,
2026-08-31T15:42:27.894267Z,197,ABDC,17078,International Journal of Asian Management,4374,International Journal of Arts Management,0.9383,False,False,1,
2026-08-31T15:42:27.894267Z,198,ABDC,17078,International Journal of Asian Management,4379,International Journal of Management Education,0.9070,False,False,2,
2026-08-31T15:42:27.894267Z,199,ABDC,17078,International Journal of Asian Management,4683,International Journal of Law and Management,0.9048,False,False,3,
2026-08-31T15:42:27.894267Z,554,ABDC,17078,International Journal of Asian Management,17965,International Journal of e-Business Management,0.9070,False,False,3,
2026-08-31T15:42:27.894267Z,200,ABDC,17082,International Journal of Automotive Technology,17454,International Journal of Automation Technology,0.9348,False,False,1,
2026-08-31T15:42:27.894267Z,201,ABDC,17089,International Journal of Business and Economics,5329,International Journal of Economics and Business Research,0.9126,False,False,1,
2026-08-31T15:42:27.894267Z,202,ABDC,17101,International Journal of Business Law,4414,International Journal of Business,0.9429,False,False,1,
2026-08-31T15:42:27.894267Z,203,ABDC,17105,International Journal of Cases on Electronic Commerce,3072,International Journal of Electronic Commerce,0.9072,False,False,1,
2026-08-31T15:42:27.894267Z,204,ABDC,17160,International Journal of Finance,2832,International Journal of Sport Finance,0.9143,False,False,1,
2026-08-31T15:42:27.894267Z,205,ABDC,17180,International Journal of Home Economics,16757,International Journal of Green Economics,0.9114,False,False,1,
2026-08-31T15:42:27.894267Z,206,ABDC,17223,International Journal of Management,4374,International Journal of Arts Management,0.9333,False,False,1,
2026-08-31T15:42:27.894267Z,207,ABDC,17223,International Journal of Management,3161,International Journal of Rural Management,0.9211,False,False,2,
2026-08-31T15:42:27.894267Z,208,ABDC,17223,International Journal of Management,1254,International Journal of Stress Management,0.9091,False,False,3,
2026-08-31T15:42:27.894267Z,209,ABDC,17226,International Journal of Management and Network Economics,133,International Journal of Economics and Management,0.9245,False,False,1,
2026-08-31T15:42:27.894267Z,210,ABDC,17227,International Journal of Management and Systems,5461,International Journal of Agile Systems and Management,0.9400,False,False,1,
2026-08-31T15:42:27.894267Z,211,ABDC,17227,International Journal of Management and Systems,15429,International Journal of Logistics Systems and Management,0.9038,False,False,2,
2026-08-31T15:42:27.894267Z,212,ABDC,17229,International Journal of Management Perspectives,15585,International Journal of Management Practice,0.9130,False,False,1,
2026-08-31T15:42:27.894267Z,213,ABDC,17229,International Journal of Management Perspectives,3074,International Journal of Project Management,0.9011,False,False,2,
2026-08-31T15:42:27.894267Z,214,ABDC,17229,International Journal of Management Perspectives,3853,International Journal of Management Reviews,0.9011,False,False,3,
2026-08-31T15:42:27.894267Z,215,ABDC,17288,International Journal of Sport Management,3074,International Journal of Project Management,0.9286,False,False,1,
2026-08-31T15:42:27.894267Z,216,ABDC,17288,International Journal of Sport Management,15585,International Journal of Management Practice,0.9176,False,False,2,
2026-08-31T15:42:27.894267Z,217,ABDC,17288,International Journal of Sport Management,1254,International Journal of Stress Management,0.9157,False,False,3,
2026-08-31T15:42:27.894267Z,218,ABDC,17288,International Journal of Sport Management,4776,International Journal of Procurement Management,0.9091,False,False,4,
2026-08-31T15:42:27.894267Z,219,ABDC,17288,International Journal of Sport Management,3161,International Journal of Rural Management,0.9024,False,False,5,
2026-08-31T15:42:27.894267Z,220,ABDC,17363,International Tax Journal,14922,International Trade Journal,0.9231,False,False,1,
2026-08-31T15:42:27.894267Z,221,ABDC,17363,International Tax Journal,14486,International Journal,0.9130,False,False,2,
2026-08-31T15:42:27.894267Z,222,ABDC,17451,Journal of Asian Business,14167,Journal of African Business,0.9231,False,False,1,
2026-08-31T15:42:27.894267Z,223,ABDC,17469,Journal of Business and Economic Studies,11459,Journal of Asian Business and Economic Studies,0.9302,False,False,1,
2026-08-31T15:42:27.894267Z,224,ABDC,17469,Journal of Business and Economic Studies,3406,Journal of Chinese Economic and Business Studies,0.9091,False,False,2,
2026-08-31T15:42:27.894267Z,225,ABDC,17579,Journal of Economic Research,3765,Journal of Home Economics Research,0.9032,False,False,1,
2026-08-31T15:42:27.894267Z,226,ABDC,17639,Journal of Financial Education,15480,Journal of Education Finance,0.9310,False,False,1,
2026-08-31T15:42:27.894267Z,227,ABDC,17659,Journal of Forensic Economics,13954,Journal of Forest Economics,0.9286,False,False,1,
2026-08-31T15:42:27.894267Z,228,ABDC,17667,Journal of Global Business and Economics,14263,Journal of Economics and Business,0.9041,False,False,1,
2026-08-31T15:42:27.894267Z,229,ABDC,17667,Journal of Global Business and Economics,17767,The Journal of Gambling Business and Economics,0.9024,False,False,2,
2026-08-31T15:42:27.894267Z,230,ABDC,17826,Journal of Medical Economics,2985,Journal of Media Economics,0.9630,False,False,1,
2026-08-31T15:42:27.894267Z,231,ABDC,17906,Journal of Research for Consumers,13964,Journal of Consumer Research,0.9180,False,False,1,
2026-08-31T15:42:27.894267Z,235,ABDC,18542,South African Journal of Economic History,14440,South African Journal of Economics,0.9067,False,False,1,
2026-08-31T15:42:27.894267Z,236,ABDC,18659,The Corporate Governance Law Review,11913,Corporate Law and Governance Review,0.9394,False,False,1,
2026-08-31T15:42:27.894267Z,237,ABDC,18789,Transportation Law Journal,4042,Transportation Journal,0.9167,False,False,1,
2026-08-31T15:42:27.894267Z,238,ABDC,18831,VINE: The Journal of Information and Knowledge Management Systems,6906,VINE Journal of Information and Knowledge Management Systems,0.9677,False,False,1,
2026-08-31T15:42:27.894267Z,239,ABDC,19220,Financial Review (US),3695,Financial Review,0.9143,False,False,1,
2026-08-31T15:42:27.894267Z,240,ABDC,19726,Banking and Finance Law Review,4210,Banking and Finance Review,0.9286,False,False,1,
2026-08-31T15:42:27.894267Z,241,ABDC,19912,Information Technology Management,961,Information Technology and Management,0.9429,False,False,1,
2026-08-31T15:42:27.894267Z,242,ABDC,19928,International Journal of Automotive Technology,17454,International Journal of Automation Technology,0.9348,False,False,1,
2026-08-31T15:42:27.894267Z,243,ABDC,19930,International Journal of Business and Economics,5329,International Journal of Economics and Business Research,0.9126,False,False,1,
2026-08-31T15:42:27.894267Z,244,ABDC,19967,International Journal of Sport Management,3074,International Journal of Project Management,0.9286,False,False,1,
2026-08-31T15:42:27.894267Z,245,ABDC,19967,International Journal of Sport Management,15585,International Journal of Management Practice,0.9176,False,False,2,
2026-08-31T15:42:27.894267Z,246,ABDC,19967,International Journal of Sport Management,1254,International Journal of Stress Management,0.9157,False,False,3,
2026-08-31T15:42:27.894267Z,247,ABDC,19967,International Journal of Sport Management,4776,International Journal of Procurement Management,0.9091,False,False,4,
2026-08-31T15:42:27.894267Z,248,ABDC,19967,International Journal of Sport Management,3161,International Journal of Rural Management,0.9024,False,False,5,
2026-08-31T15:42:27.894267Z,249,ABDC,20041,Journal of Economic Research,3765,Journal of Home Economics Research,0.9032,False,False,1,
2026-08-31T15:42:27.894267Z,250,ABDC,20062,Journal of Financial Education,15480,Journal of Education Finance,0.9310,False,False,1,
2026-08-31T15:42:27.894267Z,251,ABDC,20397,Transportmetrica,4760,Transportmetrica B,0.9412,False,False,1,
2026-08-31T15:42:27.894267Z,252,ABDC,20411,VINE: The Journal of Information and Knowledge Management Systems,6906,VINE Journal of Information and Knowledge Management Systems,0.9677,False,False,1,
2026-08-31T15:42:27.894267Z,253,ABDC,20501,Asia Pacific Journal of Health Management,1092,Asia Pacific Journal of Management,0.9067,False,False,1,
2026-08-31T15:42:27.894267Z,254,ABDC,20515,Asian Journal of Agriculture and Development,9153,Asian Journal of Agriculture and Rural Development,0.9362,False,False,1,
2026-08-31T15:42:27.894267Z,255,ABDC,20519,Asian Journal of Finance and Accounting,17260,Asian Journal of Accounting and Governance,0.9136,False,False,1,
2026-08-31T15:42:27.894267Z,256,ABDC,20608,China Accounting Finance Review,13620,China Accounting and Finance Review,0.9394,False,False,1,
2026-08-31T15:42:27.894267Z,257,ABDC,20653,Development Review,716,Developmental Review,0.9474,False,False,1,
2026-08-31T15:42:27.894267Z,263,ABDC,20677,Ekonomia,8456,Ekonomiaz,0.9412,False,False,1,
2026-08-31T15:42:27.894267Z,264,ABDC,20677,Ekonomia,10319,Ekonomika,0.9412,False,False,2,
2026-08-31T15:42:27.894267Z,266,ABDC,20719,European Journal of Management,13884,European Management Journal,0.9474,False,False,1,
2026-08-31T15:42:27.894267Z,267,ABDC,20787,Indian Journal of Economics,13254,Indian Economic Journal,0.9200,False,False,1,
2026-08-31T15:42:27.894267Z,268,ABDC,20819,International Journal of Accounting and Finance,17449,International Journal of Accounting & Finance Review,0.9307,False,False,1,
2026-08-31T15:42:27.894267Z,269,ABDC,20819,International Journal of Accounting and Finance,4118,"International Journal of Banking, Accounting and Finance",0.9216,False,False,2,
2026-08-31T15:42:27.894267Z,270,ABDC,20830,International Journal of Applied Management and Technology,14193,International Journal of Automotive Technology and Management,0.9076,False,False,1,
2026-08-31T15:42:27.894267Z,271,ABDC,20830,International Journal of Applied Management and Technology,17971,International Journal of Healthcare Technology and Management,0.9076,False,False,2,
2026-08-31T15:42:27.894267Z,272,ABDC,20834,International Journal of Asian Management,4374,International Journal of Arts Management,0.9383,False,False,1,
2026-08-31T15:42:27.894267Z,273,ABDC,20834,International Journal of Asian Management,4379,International Journal of Management Education,0.9070,False,False,2,
2026-08-31T15:42:27.894267Z,274,ABDC,20834,International Journal of Asian Management,17965,International Journal of e-Business Management,0.9070,False,False,3,
2026-08-31T15:42:27.894267Z,275,ABDC,20834,International Journal of Asian Management,4683,International Journal of Law and Management,0.9048,False,False,4,
2026-08-31T15:42:27.894267Z,276,ABDC,20839,International Journal of Bonds and Currency Derivatives,17456,International Journal of Bonds and Derivatives,0.9109,False,False,1,
2026-08-31T15:42:27.894267Z,277,ABDC,20844,International Journal of Business and Management,17457,International Journal of Business and Management (IJBM),0.9505,False,False,1,
2026-08-31T15:42:27.894267Z,278,ABDC,20844,International Journal of Business and Management,17965,International Journal of e-Business Management,0.9462,False,False,2,
2026-08-31T15:42:27.894267Z,279,ABDC,20844,International Journal of Business and Management,3459,International Journal of Business and Management Science,0.9231,False,False,3,
2026-08-31T15:42:27.894267Z,280,ABDC,20844,International Journal of Business and Management,5892,International Journal of Management and Business Research,0.9143,False,False,4,
2026-08-31T15:42:27.894267Z,281,ABDC,20852,International Journal of Business Law,4414,International Journal of Business,0.9429,False,False,1,
2026-08-31T15:42:27.894267Z,284,ABDC,20858,International Journal of Business Studies (USA),17963,International Journal of Business Studies (Aust),0.9011,False,False,1,
2026-08-31T15:42:27.894267Z,285,ABDC,20859,International Journal of Cases on Electronic Commerce,3072,International Journal of Electronic Commerce,0.9072,False,False,1,
2026-08-31T15:42:27.894267Z,286,ABDC,20862,International Journal of Commerce and Management,133,International Journal of Economics and Management,0.9072,False,False,1,
2026-08-31T15:42:27.894267Z,290,ABDC,20898,International Journal of Finance,2832,International Journal of Sport Finance,0.9143,False,False,1,
2026-08-31T15:42:27.894267Z,291,ABDC,20911,International Journal of Home Economics,16757,International Journal of Green Economics,0.9114,False,False,1,
2026-08-31T15:42:27.894267Z,292,ABDC,20939,International Journal of Management,4374,International Journal of Arts Management,0.9333,False,False,1,
2026-08-31T15:42:27.894267Z,293,ABDC,20939,International Journal of Management,3161,International Journal of Rural Management,0.9211,False,False,2,
2026-08-31T15:42:27.894267Z,294,ABDC,20939,International Journal of Management,1254,International Journal of Stress Management,0.9091,False,False,3,
2026-08-31T15:42:27.894267Z,295,ABDC,20942,International Journal of Management and Marketing Research,15583,International Journal of Sport Management and Marketing,0.9204,False,False,1,
2026-08-31T15:42:27.894267Z,296,ABDC,20943,International Journal of Management and Network Economics,133,International Journal of Economics and Management,0.9245,False,False,1,
2026-08-31T15:42:27.894267Z,297,ABDC,20944,International Journal of Management and Systems,5461,International Journal of Agile Systems and Management,0.9400,False,False,1,
2026-08-31T15:42:27.894267Z,298,ABDC,20944,International Journal of Management and Systems,15429,International Journal of Logistics Systems and Management,0.9038,False,False,2,
2026-08-31T15:42:27.894267Z,299,ABDC,20946,International Journal of Management Perspectives,15585,International Journal of Management Practice,0.9130,False,False,1,
2026-08-31T15:42:27.894267Z,300,ABDC,20946,International Journal of Management Perspectives,3074,International Journal of Project Management,0.9011,False,False,2,
2026-08-31T15:42:27.894267Z,301,ABDC,20946,International Journal of Management Perspectives,3853,International Journal of Management Reviews,0.9011,False,False,3,
2026-08-31T15:42:27.894267Z,303,ABDC,20983,International Journal of Strategic Management,10363,International Journal of Strategic Change Management,0.9278,False,False,1,
2026-08-31T15:42:27.894267Z,304,ABDC,20983,International Journal of Strategic Management,15585,International Journal of Management Practice,0.9213,False,False,2,
2026-08-31T15:42:27.894267Z,305,ABDC,20983,International Journal of Strategic Management,1254,International Journal of Stress Management,0.9195,False,False,3,
2026-08-31T15:42:27.894267Z,306,ABDC,20983,International Journal of Strategic Management,1182,International Journal of Strategic Property Management,0.9091,False,False,4,
2026-08-31T15:42:27.894267Z,307,ABDC,21006,International Research Journal of Finance and Economics,2273,International Journal of Finance and Economics,0.9109,False,False,1,
2026-08-31T15:42:27.894267Z,308,ABDC,21015,International Tax Journal,14922,International Trade Journal,0.9231,False,False,1,
2026-08-31T15:42:27.894267Z,309,ABDC,21015,International Tax Journal,14486,International Journal,0.9130,False,False,2,
2026-08-31T15:42:27.894267Z,310,ABDC,21043,Journal of Accounting and Management Information Systems,17504,Journal of Accounting and Management Information Systems (JAMIS),0.9492,False,False,1,
2026-08-31T15:42:27.894267Z,311,ABDC,21069,Journal of Asian Business,14167,Journal of African Business,0.9231,False,False,1,
2026-08-31T15:42:27.894267Z,312,ABDC,21076,Journal of Business and Economic Studies,11459,Journal of Asian Business and Economic Studies,0.9302,False,False,1,
2026-08-31T15:42:27.894267Z,313,ABDC,21076,Journal of Business and Economic Studies,3406,Journal of Chinese Economic and Business Studies,0.9091,False,False,2,
2026-08-31T15:42:27.894267Z,314,ABDC,21147,Journal of Financial and Economic Practice,13331,Journal of Economic and Financial Sciences,0.9048,False,False,1,
2026-08-31T15:42:27.894267Z,315,ABDC,21160,Journal of Forensic Economics,13954,Journal of Forest Economics,0.9286,False,False,1,
2026-08-31T15:42:27.894267Z,316,ABDC,21164,Journal of Global Business and Economics,14263,Journal of Economics and Business,0.9041,False,False,1,
2026-08-31T15:42:27.894267Z,317,ABDC,21164,Journal of Global Business and Economics,17767,The Journal of Gambling Business and Economics,0.9024,False,False,2,
2026-08-31T15:42:27.894267Z,318,ABDC,21187,Journal of Information Technology Education,4158,Journal of Information Technology Education: Research,0.9053,False,False,1,
2026-08-31T15:42:27.894267Z,319,ABDC,21236,Journal of Medical Economics,2985,Journal of Media Economics,0.9630,False,False,1,
2026-08-31T15:42:27.894267Z,320,ABDC,21258,Journal of Research for Consumers,13964,Journal of Consumer Research,0.9180,False,False,1,
2026-08-31T15:42:27.894267Z,324,ABDC,21507,South African Journal of Economic History,14440,South African Journal of Economics,0.9067,False,False,1,
2026-08-31T15:42:27.894267Z,325,ABDC,21554,The Corporate Governance Law Review,11913,Corporate Law and Governance Review,0.9394,False,False,1,
2026-08-31T15:42:27.894267Z,326,ABDC,21557,The International Journal of Business Finance Research,8630,International Journal of Business Intelligence Research,0.9143,False,False,1,
2026-08-31T15:42:27.894267Z,327,ABDC,21557,The International Journal of Business Finance Research,293,International Journal of e-Business Research,0.9032,False,False,2,
2026-08-31T15:42:27.894267Z,328,ABDC,21603,Transportation Law Journal,4042,Transportation Journal,0.9167,False,False,1,
2026-08-31T15:42:27.894267Z,329,ABDC,21823,Asian Journal of Information Technology,3693,Asian Journal of Technology Innovation,0.9351,False,False,1,
2026-08-31T15:42:27.894267Z,330,ABDC,21825,Asian Journal of Marketing (USA),17261,Asian Journal of Marketing (SING),0.9180,False,False,1,
2026-08-31T15:42:27.894267Z,331,ABDC,21913,Banking and Finance Law Review,4210,Banking and Finance Review,0.9286,False,False,1,
2026-08-31T15:42:27.894267Z,332,ABDC,22004,China Accounting Finance Review,13620,China Accounting and Finance Review,0.9394,False,False,1,
2026-08-31T15:42:27.894267Z,333,ABDC,22037,Communications of the ICISA,18146,Communications of the IBIMA,0.9259,False,False,1,
2026-08-31T15:42:27.894267Z,335,ABDC,22136,Development Review,716,Developmental Review,0.9474,False,False,1,
2026-08-31T15:42:27.894267Z,341,ABDC,22209,Ekonomia,8456,Ekonomiaz,0.9412,False,False,1,
2026-08-31T15:42:27.894267Z,342,ABDC,22209,Ekonomia,10319,Ekonomika,0.9412,False,False,2,
2026-08-31T15:42:27.894267Z,343,ABDC,22301,European Journal of Management,13884,European Management Journal,0.9474,False,False,1,
2026-08-31T15:42:27.894267Z,344,ABDC,22356,Financial Review (US),3695,Financial Review,0.9143,False,False,1,
2026-08-31T15:42:27.894267Z,345,ABDC,22400,Global Journal of Finance and Economics,18106,Global Economy and Finance Journal,0.9041,False,False,1,
2026-08-31T15:42:27.894267Z,346,ABDC,22478,Indian Journal of Economics,13254,Indian Economic Journal,0.9200,False,False,1,
2026-08-31T15:42:27.894267Z,347,ABDC,22521,Information Technology Management,961,Information Technology and Management,0.9429,False,False,1,
2026-08-31T15:42:27.894267Z,348,ABDC,22548,International Business Economics Research Journal,5329,International Journal of Economics and Business Research,0.9333,False,False,1,
2026-08-31T15:42:27.894267Z,349,ABDC,22563,International Journal of Accounting and Finance,17449,International Journal of Accounting & Finance Review,0.9307,False,False,1,
2026-08-31T15:42:27.894267Z,350,ABDC,22563,International Journal of Accounting and Finance,4118,"International Journal of Banking, Accounting and Finance",0.9216,False,False,2,
2026-08-31T15:42:27.894267Z,351,ABDC,22577,International Journal of Applied Management and Technology,14193,International Journal of Automotive Technology and Management,0.9076,False,False,1,
2026-08-31T15:42:27.894267Z,352,ABDC,22577,International Journal of Applied Management and Technology,17971,International Journal of Healthcare Technology and Management,0.9076,False,False,2,
2026-08-31T15:42:27.894267Z,353,ABDC,22582,International Journal of Asian Management,4374,International Journal of Arts Management,0.9383,False,False,1,
2026-08-31T15:42:27.894267Z,354,ABDC,22582,International Journal of Asian Management,4379,International Journal of Management Education,0.9070,False,False,2,
2026-08-31T15:42:27.894267Z,355,ABDC,22582,International Journal of Asian Management,17965,International Journal of e-Business Management,0.9070,False,False,3,
2026-08-31T15:42:27.894267Z,356,ABDC,22582,International Journal of Asian Management,4683,International Journal of Law and Management,0.9048,False,False,4,
2026-08-31T15:42:27.894267Z,357,ABDC,22586,International Journal of Automative Technology,17454,International Journal of Automation Technology,0.9565,False,False,1,
2026-08-31T15:42:27.894267Z,358,ABDC,22592,International Journal of Business and Economics,5329,International Journal of Economics and Business Research,0.9126,False,False,1,
2026-08-31T15:42:27.894267Z,359,ABDC,22596,International Journal of Business and Management,17457,International Journal of Business and Management (IJBM),0.9505,False,False,1,
2026-08-31T15:42:27.894267Z,360,ABDC,22596,International Journal of Business and Management,17965,International Journal of e-Business Management,0.9462,False,False,2,
2026-08-31T15:42:27.894267Z,361,ABDC,22596,International Journal of Business and Management,3459,International Journal of Business and Management Science,0.9231,False,False,3,
2026-08-31T15:42:27.894267Z,362,ABDC,22596,International Journal of Business and Management,5892,International Journal of Management and Business Research,0.9143,False,False,4,
2026-08-31T15:42:27.894267Z,365,ABDC,22610,International Journal of Business Studies (USA),17963,International Journal of Business Studies (Aust),0.9011,False,False,1,
2026-08-31T15:42:27.894267Z,366,ABDC,22612,International Journal of Cases on Electronic Commerce,3072,International Journal of Electronic Commerce,0.9072,False,False,1,
2026-08-31T15:42:27.894267Z,367,ABDC,22616,International Journal of Commerce and Management,133,International Journal of Economics and Management,0.9072,False,False,1,
2026-08-31T15:42:27.894267Z,371,ABDC,22662,International Journal of Finance,2832,International Journal of Sport Finance,0.9143,False,False,1,
2026-08-31T15:42:27.894267Z,372,ABDC,22680,International Journal of Home Economics,16757,International Journal of Green Economics,0.9114,False,False,1,
2026-08-31T15:42:27.894267Z,373,ABDC,22691,International Journal of Information and Computer Security,10129,International Journal of Computer Network and Information Security,0.9355,False,False,1,
2026-08-31T15:42:27.894267Z,374,ABDC,22699,International Journal of Information Technology and Management,5194,International Journal of Innovation and Technology Management,0.9593,False,False,1,
2026-08-31T15:42:27.894267Z,375,ABDC,22699,International Journal of Information Technology and Management,7906,International Journal of Information Technology Project Management,0.9063,False,False,2,
2026-08-31T15:42:27.894267Z,376,ABDC,22699,International Journal of Information Technology and Management,1166,International Journal of Law and Information Technology,0.9060,False,False,3,
2026-08-31T15:42:27.894267Z,377,ABDC,22699,International Journal of Information Technology and Management,5494,International Journal of Information and Learning Technology,0.9016,False,False,4,
2026-08-31T15:42:27.894267Z,378,ABDC,22723,International Journal of Management,4374,International Journal of Arts Management,0.9333,False,False,1,
2026-08-31T15:42:27.894267Z,379,ABDC,22723,International Journal of Management,3161,International Journal of Rural Management,0.9211,False,False,2,
2026-08-31T15:42:27.894267Z,380,ABDC,22723,International Journal of Management,1254,International Journal of Stress Management,0.9091,False,False,3,
2026-08-31T15:42:27.894267Z,381,ABDC,22726,International Journal of Management and Marketing Research,15583,International Journal of Sport Management and Marketing,0.9204,False,False,1,
2026-08-31T15:42:27.894267Z,382,ABDC,22727,International Journal of Management and Systems,5461,International Journal of Agile Systems and Management,0.9400,False,False,1,
2026-08-31T15:42:27.894267Z,383,ABDC,22727,International Journal of Management and Systems,15429,International Journal of Logistics Systems and Management,0.9038,False,False,2,
2026-08-31T15:42:27.894267Z,384,ABDC,22729,International Journal of Management Perspectives,15585,International Journal of Management Practice,0.9130,False,False,1,
2026-08-31T15:42:27.894267Z,385,ABDC,22729,International Journal of Management Perspectives,3074,International Journal of Project Management,0.9011,False,False,2,
2026-08-31T15:42:27.894267Z,386,ABDC,22729,International Journal of Management Perspectives,3853,International Journal of Management Reviews,0.9011,False,False,3,
2026-08-31T15:42:27.894267Z,387,ABDC,22788,International Journal of Sport Management,3074,International Journal of Project Management,0.9286,False,False,1,
2026-08-31T15:42:27.894267Z,388,ABDC,22788,International Journal of Sport Management,15585,International Journal of Management Practice,0.9176,False,False,2,
2026-08-31T15:42:27.894267Z,389,ABDC,22788,International Journal of Sport Management,1254,International Journal of Stress Management,0.9157,False,False,3,
2026-08-31T15:42:27.894267Z,390,ABDC,22788,International Journal of Sport Management,4776,International Journal of Procurement Management,0.9091,False,False,4,
2026-08-31T15:42:27.894267Z,391,ABDC,22788,International Journal of Sport Management,3161,International Journal of Rural Management,0.9024,False,False,5,
2026-08-31T15:42:27.894267Z,392,ABDC,22795,International Journal of Strategic Management,10363,International Journal of Strategic Change Management,0.9278,False,False,1,
2026-08-31T15:42:27.894267Z,393,ABDC,22795,International Journal of Strategic Management,15585,International Journal of Management Practice,0.9213,False,False,2,
2026-08-31T15:42:27.894267Z,394,ABDC,22795,International Journal of Strategic Management,1254,International Journal of Stress Management,0.9195,False,False,3,
2026-08-31T15:42:27.894267Z,395,ABDC,22795,International Journal of Strategic Management,1182,International Journal of Strategic Property Management,0.9091,False,False,4,
2026-08-31T15:42:27.894267Z,396,ABDC,22842,International Research Journal of Finance and Economics,2273,International Journal of Finance and Economics,0.9109,False,False,1,
2026-08-31T15:42:27.894267Z,397,ABDC,22866,International Tax Journal,14922,International Trade Journal,0.9231,False,False,1,
2026-08-31T15:42:27.894267Z,398,ABDC,22866,International Tax Journal,14486,International Journal,0.9130,False,False,2,
2026-08-31T15:42:27.894267Z,399,ABDC,22955,Journal of Asian Business,14167,Journal of African Business,0.9231,False,False,1,
2026-08-31T15:42:27.894267Z,400,ABDC,22970,Journal of Business and Economic Studies,11459,Journal of Asian Business and Economic Studies,0.9302,False,False,1,
2026-08-31T15:42:27.894267Z,401,ABDC,22970,Journal of Business and Economic Studies,3406,Journal of Chinese Economic and Business Studies,0.9091,False,False,2,
2026-08-31T15:42:27.894267Z,402,ABDC,23071,Journal of Economic Research,3765,Journal of Home Economics Research,0.9032,False,False,1,
2026-08-31T15:42:27.894267Z,403,ABDC,23128,Journal of Financial Education,15480,Journal of Education Finance,0.9310,False,False,1,
2026-08-31T15:42:27.894267Z,404,ABDC,23144,Journal of Forensic Economics,13954,Journal of Forest Economics,0.9286,False,False,1,
2026-08-31T15:42:27.894267Z,406,ABDC,23293,Journal of Medical Economics,2985,Journal of Media Economics,0.9630,False,False,1,
2026-08-31T15:42:27.894267Z,407,ABDC,23364,Journal of Research for Consumers,13964,Journal of Consumer Research,0.9180,False,False,1,
2026-08-31T15:42:27.894267Z,410,ABDC,23983,South African Journal of Economic History,14440,South African Journal of Economics,0.9067,False,False,1,
2026-08-31T15:42:27.894267Z,411,ABDC,24093,The Corporate Governance Law Review,11913,Corporate Law and Governance Review,0.9394,False,False,1,
2026-08-31T15:42:27.894267Z,412,ABDC,24112,The International Journal of Business Finance Research,8630,International Journal of Business Intelligence Research,0.9143,False,False,1,
2026-08-31T15:42:27.894267Z,413,ABDC,24112,The International Journal of Business Finance Research,293,International Journal of e-Business Research,0.9032,False,False,2,
2026-08-31T15:42:27.894267Z,414,ABDC,24231,Transportmetrica,4760,Transportmetrica B,0.9412,False,False,1,
2026-08-31T15:42:27.894267Z,415,ABDC,24260,VINE: The Journal of Information and Knowledge Management Systems,6906,VINE Journal of Information and Knowledge Management Systems,0.9677,False,False,1,
2026-08-31T15:42:27.894267Z,1382,ABS,3802,International Journal of Information Technology and Management,5194,International Journal of Innovation and Technology Management,0.9593,False,False,1,
2026-08-31T15:42:27.894267Z,1383,ABS,3802,International Journal of Information Technology and Management,7906,International Journal of Information Technology Project Management,0.9063,False,False,2,
2026-08-31T15:42:27.894267Z,1384,ABS,3802,International Journal of Information Technology and Management,1166,International Journal of Law and Information Technology,0.9060,False,False,3,
2026-08-31T15:42:27.894267Z,1385,ABS,3802,International Journal of Information Technology and Management,5494,International Journal of Information and Learning Technology,0.9016,False,False,4,
2026-08-31T15:42:27.894267Z,1386,ABS,3803,International Journal of Information Technology and Management,5194,International Journal of Innovation and Technology Management,0.9593,False,False,1,
2026-08-31T15:42:27.894267Z,1387,ABS,3803,International Journal of Information Technology and Management,7906,International Journal of Information Technology Project Management,0.9063,False,False,2,
2026-08-31T15:42:27.894267Z,1388,ABS,3803,International Journal of Information Technology and Management,1166,International Journal of Law and Information Technology,0.9060,False,False,3,
2026-08-31T15:42:27.894267Z,1389,ABS,3803,International Journal of Information Technology and Management,5494,International Journal of Information and Learning Technology,0.9016,False,False,4,
2026-08-31T15:42:27.894267Z,1390,ABS,3804,International Journal of Information Technology and Management,5194,International Journal of Innovation and Technology Management,0.9593,False,False,1,
2026-08-31T15:42:27.894267Z,1391,ABS,3804,International Journal of Information Technology and Management,7906,International Journal of Information Technology Project Management,0.9063,False,False,2,
2026-08-31T15:42:27.894267Z,1392,ABS,3804,International Journal of Information Technology and Management,1166,International Journal of Law and Information Technology,0.9060,False,False,3,
2026-08-31T15:42:27.894267Z,1393,ABS,3804,International Journal of Information Technology and Management,5494,International Journal of Information and Learning Technology,0.9016,False,False,4,
2026-08-31T15:42:27.894267Z,1394,ABS,4563,International Journal of Sport Management,3074,International Journal of Project Management,0.9286,False,False,1,
2026-08-31T15:42:27.894267Z,1395,ABS,4563,International Journal of Sport Management,15585,International Journal of Management Practice,0.9176,False,False,2,
2026-08-31T15:42:27.894267Z,1396,ABS,4563,International Journal of Sport Management,1254,International Journal of Stress Management,0.9157,False,False,3,
2026-08-31T15:42:27.894267Z,1397,ABS,4563,International Journal of Sport Management,4776,International Journal of Procurement Management,0.9091,False,False,4,
2026-08-31T15:42:27.894267Z,1398,ABS,4563,International Journal of Sport Management,3161,International Journal of Rural Management,0.9024,False,False,5,
2026-08-31T15:42:27.894267Z,1399,ABS,4564,International Journal of Sport Management,3074,International Journal of Project Management,0.9286,False,False,1,
2026-08-31T15:42:27.894267Z,1400,ABS,4564,International Journal of Sport Management,15585,International Journal of Management Practice,0.9176,False,False,2,
2026-08-31T15:42:27.894267Z,1401,ABS,4564,International Journal of Sport Management,1254,International Journal of Stress Management,0.9157,False,False,3,
2026-08-31T15:42:27.894267Z,1402,ABS,4564,International Journal of Sport Management,4776,International Journal of Procurement Management,0.9091,False,False,4,
2026-08-31T15:42:27.894267Z,1403,ABS,4564,International Journal of Sport Management,3161,International Journal of Rural Management,0.9024,False,False,5,
2026-08-31T15:42:27.894267Z,1404,ABS,4565,International Journal of Sport Management,3074,International Journal of Project Management,0.9286,False,False,1,
2026-08-31T15:42:27.894267Z,1405,ABS,4565,International Journal of Sport Management,15585,International Journal of Management Practice,0.9176,False,False,2,
2026-08-31T15:42:27.894267Z,1406,ABS,4565,International Journal of Sport Management,1254,International Journal of Stress Management,0.9157,False,False,3,
2026-08-31T15:42:27.894267Z,1407,ABS,4565,International Journal of Sport Management,4776,International Journal of Procurement Management,0.9091,False,False,4,
2026-08-31T15:42:27.894267Z,1408,ABS,4565,International Journal of Sport Management,3161,International Journal of Rural Management,0.9024,False,False,5,
2026-08-31T15:42:27.894267Z,1409,REPEC,999,The Journal of Business,12913,Journal of Business Law,0.9048,False,False,1,
2026-08-31T15:42:27.894267Z,1653,REPEC,999,The Journal of Business,18729,Journal of Agribusiness,0.9048,False,False,2,
2026-08-31T15:42:27.894267Z,1411,REPEC,1067,"Annual Review of Resource Economics, Annual Reviews",18321,"Annual Review of Economics, Annual Reviews",0.9011,False,False,1,
2026-08-31T15:42:27.894267Z,1412,REPEC,1073,Journal of the Economic Science Association,17542,Journal of Economic Science Association,0.9512,False,False,1,
2026-08-31T15:42:27.894267Z,1413,REPEC,1093,Quantitative Marketing and Economics (QME),1056,Quantitative Marketing and Economics,0.9474,False,False,1,
2026-08-31T15:42:27.894267Z,1416,REPEC,1217,Quarterly Journal of Finance (QJF),7539,Quarterly Journal of Finance,0.9333,False,False,1,
2026-08-31T15:42:27.894267Z,1418,REPEC,1333,"Applied Financial Economics, Taylor & Francis Journals",18355,"Applied Economics, Taylor & Francis Journals",0.9000,False,False,1,
2026-08-31T15:42:27.894267Z,1658,REPEC,1333,"Applied Financial Economics, Taylor & Francis Journals",19147,"Applied Financial Economics Letters, Taylor & Francis Journals",0.9322,False,False,1,
2026-08-31T15:42:27.894267Z,1420,REPEC,1353,Climate Change Economics (CCE),7225,Climate Change Economics,0.9231,False,False,1,
2026-08-31T15:42:27.894267Z,1421,REPEC,1362,"Applied Economics Letters, Taylor & Francis Journals",18355,"Applied Economics, Taylor & Francis Journals",0.9184,False,False,1,
2026-08-31T15:42:27.894267Z,1662,REPEC,1362,"Applied Economics Letters, Taylor & Francis Journals",19147,"Applied Financial Economics Letters, Taylor & Francis Journals",0.9138,False,False,2,
2026-08-31T15:42:27.894267Z,1422,REPEC,1364,Journal of Economics,14962,Journal of Econometrics,0.9302,False,False,1,
2026-08-31T15:42:27.894267Z,1423,REPEC,1364,Journal of Economics,15084,Journal of Bioeconomics,0.9302,False,False,2,
2026-08-31T15:42:27.894267Z,1424,REPEC,1396,The International Journal of Accounting (TIJA),15115,International Journal of Accounting,0.9333,False,False,1,
2026-08-31T15:42:27.894267Z,1425,REPEC,1420,World Bank - Economic Premise,14709,World Bank Economic Review,0.9057,False,False,1,
2026-08-31T15:42:27.894267Z,1426,REPEC,1450,International Journal of Theoretical and Applied Finance (IJTAF),2274,International Journal of Theoretical and Applied Finance,0.9492,False,False,1,
2026-08-31T15:42:27.894267Z,1428,REPEC,1549,Asian Development Review (ADR),713,Asian Development Review,0.9231,False,False,1,
2026-08-31T15:42:27.894267Z,1429,REPEC,1609,Economie Internationale,17366,Economia Internazionale,0.9130,False,False,1,
2026-08-31T15:42:27.894267Z,1430,REPEC,1628,International Game Theory Review (IGTR),474,International Game Theory Review,0.9275,False,False,1,
2026-08-31T15:42:27.894267Z,1431,REPEC,1644,"Journal of International Commerce, Economics and Policy (JICEP)",5681,"Journal of International Commerce, Economics and Policy",0.9474,False,False,1,
2026-08-31T15:42:27.894267Z,1433,REPEC,1658,International Journal of Innovation Management (ijim),196,International Journal of Innovation Management,0.9485,False,False,1,
2026-08-31T15:42:27.894267Z,1434,REPEC,1681,Global Economy Journal (GEJ),15343,Global Economy Journal,0.9167,False,False,1,
2026-08-31T15:42:27.894267Z,1435,REPEC,1709,Ekonomia,8456,Ekonomiaz,0.9412,False,False,1,
2026-08-31T15:42:27.894267Z,1436,REPEC,1709,Ekonomia,10319,Ekonomika,0.9412,False,False,2,
2026-08-31T15:42:27.894267Z,1437,REPEC,1720,Naval Research Logistics (NRL),1576,Naval Research Logistics,0.9231,False,False,1,
2026-08-31T15:42:27.894267Z,1438,REPEC,1740,Journal of Developmental Entrepreneurship (JDE),195,Journal of Developmental Entrepreneurship,0.9535,False,False,1,
2026-08-31T15:42:27.894267Z,1439,REPEC,1741,Revue d'économie politique,14241,Revue d'Economie Politique,0.9600,False,False,1,
2026-08-31T15:42:27.894267Z,1440,REPEC,1742,"Economic Theory Bulletin, Springer;Society for the Advancement of Economic Theory (SAET)",18343,"Economic Theory, Springer;Society for the Advancement of Economic Theory (SAET)",0.9434,False,False,1,
2026-08-31T15:42:27.894267Z,1441,REPEC,1768,Annals of Financial Economics (AFE),10061,Annals of Financial Economics,0.9355,False,False,1,
2026-08-31T15:42:27.894267Z,1442,REPEC,1779,The Singapore Economic Review (SER),14369,Singapore Economic Review,0.9259,False,False,1,
2026-08-31T15:42:27.894267Z,1443,REPEC,1794,"Journal of Media Economics, Taylor & Francis Journals",18479,"Journal of Economic Methodology, Taylor & Francis Journals",0.9027,False,False,1,
2026-08-31T15:42:27.894267Z,1444,REPEC,1796,"European Transport \ Trasporti Europei, ISTIEE",3714,European Transport - Trasporti Europei,0.9114,False,False,1,
2026-08-31T15:42:27.894267Z,1445,REPEC,1821,"Journal of Financial Management, Markets and Institutions (JFMMI)",11307,"Journal of Financial Management, Markets and Institutions",0.9492,False,False,1,
2026-08-31T15:42:27.894267Z,1446,REPEC,1833,Advances in Complex Systems (ACS),2725,Advances in Complex Systems,0.9310,False,False,1,
2026-08-31T15:42:27.894267Z,1447,REPEC,1862,Asian Academy of Management Journal of Accounting and Finance (AAMJAF),2920,Asian Academy of Management Journal of Accounting and Finance,0.9457,False,False,1,
2026-08-31T15:42:27.894267Z,1448,REPEC,1877,Economic Letter,14868,Economics Letters,0.9375,False,False,1,
2026-08-31T15:42:27.894267Z,1450,REPEC,1918,Journal of Economics and Econometrics,210,Journal of Economic Theory and Econometrics,0.9000,False,False,1,
2026-08-31T15:42:27.894267Z,1452,REPEC,1926,"Environment and Planning C,",629,Environment and Planning A,0.9231,False,False,1,
2026-08-31T15:42:27.894267Z,1453,REPEC,1939,Revue d'économie industrielle,4801,Revue d'Economie Industrielle,0.9643,False,False,1,
2026-08-31T15:42:27.894267Z,1454,REPEC,1970,Review of Pacific Basin Financial Markets and Policies (RPBFMP),1783,Review of Pacific Basin Financial Markets and Policies,0.9391,False,False,1,
2026-08-31T15:42:27.894267Z,1455,REPEC,1973,Journal of Enterprising Culture (JEC),18006,Journal of Enterprising Culture,0.9394,False,False,1,
2026-08-31T15:42:27.894267Z,1456,REPEC,2018,Journal of Environmental Assessment Policy and Management (JEAPM),14054,Journal of Environmental Assessment Policy and Management,0.9500,False,False,1,
2026-08-31T15:42:27.894267Z,1457,REPEC,2019,"Review of African Political Economy, Taylor & Francis Journals",18523,"Review of Political Economy, Taylor & Francis Journals",0.9322,False,False,1,
2026-08-31T15:42:27.894267Z,1458,REPEC,2021,Revista de Economía del Rosario,17005,Revista de Economia del Rosario,0.9677,False,False,1,
2026-08-31T15:42:27.894267Z,1459,REPEC,2049,Revista Brasileira de Economia - RBE,15600,Revista Brasileira de Economia,0.9375,False,False,1,
2026-08-31T15:42:27.894267Z,1460,REPEC,2083,"Environment and Planning B,",629,Environment and Planning A,0.9231,False,False,1,
2026-08-31T15:42:27.894267Z,1463,REPEC,2178,International Journal of Information Technology & Decision Making (IJITDM),17476,International Journal of Information Technology and Decision Making,0.9504,False,False,1,
2026-08-31T15:42:27.894267Z,1464,REPEC,2181,The International Journal of Business and Finance Research,128,International Journal of Business Innovation and Research,0.9189,False,False,1,
2026-08-31T15:42:27.894267Z,1471,REPEC,2228,Asia-Pacific Journal of Operational Research (APJOR),14015,Asia-Pacific Journal of Operational Research,0.9348,False,False,1,
2026-08-31T15:42:27.894267Z,1472,REPEC,2236,International Journal of Financial Engineering (IJFE),17467,International Journal of Financial Engineering,0.9485,False,False,1,
2026-08-31T15:42:27.894267Z,1473,REPEC,2239,Revista de Economía Institucional,16184,Revista de Economia Institucional,0.9697,False,False,1,
2026-08-31T15:42:27.894267Z,1475,REPEC,2309,International Journal of Innovation and Technology Management (IJITM),5194,International Journal of Innovation and Technology Management,0.9531,False,False,1,
2026-08-31T15:42:27.894267Z,1476,REPEC,2319,Water Economics and Policy (WEP),9103,Water Economics and Policy,0.9286,False,False,1,
2026-08-31T15:42:27.894267Z,1477,REPEC,2331,Information Resources Management Journal (IRMJ),2945,Information Resources Management Journal,0.9412,False,False,1,
2026-08-31T15:42:27.894267Z,1478,REPEC,2384,Nationaløkonomisk tidsskrift,18223,Nationalokonomisk Tidsskrift,0.9643,False,False,1,
2026-08-31T15:42:27.894267Z,1479,REPEC,2402,International Journal of Management and Network Economics,133,International Journal of Economics and Management,0.9245,False,False,1,
2026-08-31T15:42:27.894267Z,1483,REPEC,2410,RAE - Revista de Administração de Empresas,4458,RAE Revista de Administracao de Empresas,0.9500,False,False,1,
2026-08-31T15:42:27.894267Z,1484,REPEC,2414,Revue française de gestion,2476,Revue Francaise de Gestion,0.9615,False,False,1,
2026-08-31T15:42:27.894267Z,1485,REPEC,2417,Journal of Electronic Commerce in Organizations (JECO),578,Journal of Electronic Commerce in Organizations,0.9495,False,False,1,
2026-08-31T15:42:27.894267Z,1486,REPEC,2433,"International Journal of Systems Science, Taylor & Francis Journals",18665,"International Journal of Urban Sciences, Taylor & Francis Journals",0.9037,False,False,1,
2026-08-31T15:42:27.894267Z,1487,REPEC,2437,Asian Journal of Agriculture and Development,9153,Asian Journal of Agriculture and Rural Development,0.9362,False,False,1,
2026-08-31T15:42:27.894267Z,1488,REPEC,2439,International Journal of Innovation and Regional Development,15722,International Journal of Innovation and Sustainable Development,0.9106,False,False,1,
2026-08-31T15:42:27.894267Z,1490,REPEC,2492,Revista de Gestão,11235,Revista de Gestao,0.9412,False,False,1,
2026-08-31T15:42:27.894267Z,1491,REPEC,2494,Mondes en développement,1298,Mondes en Developpement,0.9565,False,False,1,
2026-08-31T15:42:27.894267Z,1492,REPEC,2500,International Journal of Management and Marketing Research,15583,International Journal of Sport Management and Marketing,0.9204,False,False,1,
2026-08-31T15:42:27.894267Z,1493,REPEC,2535,American Journal of Business,17231,American Journal of Business (AJB),0.9333,False,False,1,
2026-08-31T15:42:27.894267Z,1494,REPEC,2535,American Journal of Business,14305,American Business Law Journal,0.9123,False,False,2,
2026-08-31T15:42:27.894267Z,1495,REPEC,2539,"Political Studies Review, Political Studies Association",18481,"Political Studies, Political Studies Association",0.9307,False,False,1,
2026-08-31T15:42:27.894267Z,1496,REPEC,2543,"Journal of Business Analytics, Taylor & Francis Journals",18442,"Journal of African Business, Taylor & Francis Journals",0.9107,False,False,1,
2026-08-31T15:42:27.894267Z,1497,REPEC,2547,International Journal of Health Planning and Management,6612,International Journal of Health Policy and Management,0.9259,False,False,1,
2026-08-31T15:42:27.894267Z,1498,REPEC,2580,European Research on Management and Business Economics (ERMBE),6199,European Research on Management and Business Economics,0.9474,False,False,1,
2026-08-31T15:42:27.894267Z,1500,REPEC,2591,International Journal of Accounting and Finance,17449,International Journal of Accounting & Finance Review,0.9307,False,False,1,
2026-08-31T15:42:27.894267Z,1501,REPEC,2591,International Journal of Accounting and Finance,4118,"International Journal of Banking, Accounting and Finance",0.9216,False,False,2,
2026-08-31T15:42:27.894267Z,1502,REPEC,2626,"Journal of Research in Islamic Economics, King Abdulaziz University",3200,"Journal of King Abdulaziz University, Islamic Economics",0.9000,False,False,1,
2026-08-31T15:42:27.894267Z,1503,REPEC,2631,International Journal of Social Ecology and Sustainable Development (IJSESD),4392,International Journal of Social Ecology and Sustainable Development,0.9504,False,False,1,
2026-08-31T15:42:27.894267Z,1504,REPEC,2633,International Journal of E-Business Research (IJEBR),293,International Journal of e-Business Research,0.9348,False,False,1,
2026-08-31T15:42:27.894267Z,1506,REPEC,2654,Journal of Economic Sociology,13970,Journal of Economic Psychology,0.9153,False,False,1,
2026-08-31T15:42:27.894267Z,1507,REPEC,2662,Journal of Management and Sustainability,2504,Journal of Sustainability Science and Management,0.9091,False,False,1,
2026-08-31T15:42:27.894267Z,1508,REPEC,2666,International Journal of Information Systems and Supply Chain Management (IJISSCM),4114,International Journal of Information Systems and Supply Chain Management,0.9474,False,False,1,
2026-08-31T15:42:27.894267Z,1510,REPEC,2702,Journal of Probability and Statistics,4724,Journal of Applied Probability and Statistics,0.9024,False,False,1,
2026-08-31T15:42:27.894267Z,1511,REPEC,2704,International Journal of Innovation and Economic Development,5478,International Journal of Education Economics and Development,0.9167,False,False,1,
2026-08-31T15:42:27.894267Z,1512,REPEC,2728,International Journal of E-Planning Research (IJEPR),7818,International Journal of E-Planning Research,0.9348,False,False,1,
2026-08-31T15:42:27.894267Z,1513,REPEC,2743,Politická ekonomie,14003,Politicka Ekonomie,0.9444,False,False,1,
2026-08-31T15:42:27.894267Z,1514,REPEC,2745,Journal of Asian Business Strategy,1017,Journal of Business Strategy,0.9032,False,False,1,
2026-08-31T15:42:27.894267Z,1520,REPEC,2766,"International Journal of Business, Economics and Management",133,International Journal of Economics and Management,0.9159,False,False,1,
2026-08-31T15:42:27.894267Z,1736,REPEC,2766,"International Journal of Business, Economics and Management",19269,"International Journal of Economics, Business and Management Studies",0.9355,False,False,1,
2026-08-31T15:42:27.894267Z,1521,REPEC,2766,"International Journal of Business, Economics and Management",17457,International Journal of Business and Management (IJBM),0.9009,False,False,2,
2026-08-31T15:42:27.894267Z,1522,REPEC,2773,"International Journal of Social Psychiatry,",3243,International Journal of Social Psychology,0.9048,False,False,1,
2026-08-31T15:42:27.894267Z,1523,REPEC,2774,Chinese Journal of Urban and Environmental Studies (CJUES),10339,Chinese Journal of Urban and Environmental Studies,0.9434,False,False,1,
2026-08-31T15:42:27.894267Z,1525,REPEC,2838,International Journal of Aviation Management,196,International Journal of Innovation Management,0.9333,False,False,1,
2026-08-31T15:42:27.894267Z,1526,REPEC,2838,International Journal of Aviation Management,1503,International Journal of Information Management,0.9231,False,False,2,
2026-08-31T15:42:27.894267Z,1527,REPEC,2838,International Journal of Aviation Management,4379,International Journal of Management Education,0.9213,False,False,3,
2026-08-31T15:42:27.894267Z,1528,REPEC,2838,International Journal of Aviation Management,4374,International Journal of Arts Management,0.9048,False,False,4,
2026-08-31T15:42:27.894267Z,1529,REPEC,2838,International Journal of Aviation Management,996,International Journal of Educational Management,0.9011,False,False,5,
2026-08-31T15:42:27.894267Z,1530,REPEC,2839,International Journal of Enterprise Information Systems (IJEIS),290,International Journal of Enterprise Information Systems,0.9483,False,False,1,
2026-08-31T15:42:27.894267Z,1531,REPEC,2841,Contaduría y Administración,5396,Contaduria y Administracion,0.9259,False,False,1,
2026-08-31T15:42:27.894267Z,1532,REPEC,2842,Journal of Financial Crises,3550,Journal of Financial Crime,0.9434,False,False,1,
2026-08-31T15:42:27.894267Z,1533,REPEC,2862,International Journal of Financial Economics,2273,International Journal of Finance and Economics,0.9111,False,False,1,
2026-08-31T15:42:27.894267Z,1534,REPEC,2890,Journal of Rural Economics,14274,Journal of Urban Economics,0.9231,False,False,1,
2026-08-31T15:42:27.894267Z,1535,REPEC,2891,International Journal of Asian Business and Information Management (IJABIM),7235,International Journal of Asian Business and Information Management,0.9496,False,False,1,
2026-08-31T15:42:27.894267Z,1536,REPEC,2897,Journal of Information & Knowledge Management (JIKM),4719,Journal of Information and Knowledge Management,0.9495,False,False,1,
2026-08-31T15:42:27.894267Z,1537,REPEC,2899,International Journal of Operations Research and Information Systems (IJORIS),11001,International Journal of Operations Research and Information Systems,0.9510,False,False,1,
2026-08-31T15:42:27.894267Z,1538,REPEC,2914,"Journal of Asian Economic Integration,",4920,Journal of Economic Integration,0.9118,False,False,1,
2026-08-31T15:42:27.894267Z,1539,REPEC,2916,International Journal of Business and Management,17457,International Journal of Business and Management (IJBM),0.9505,False,False,1,
2026-08-31T15:42:27.894267Z,1540,REPEC,2916,International Journal of Business and Management,17965,International Journal of e-Business Management,0.9462,False,False,2,
2026-08-31T15:42:27.894267Z,1541,REPEC,2916,International Journal of Business and Management,3459,International Journal of Business and Management Science,0.9231,False,False,3,
2026-08-31T15:42:27.894267Z,1542,REPEC,2916,International Journal of Business and Management,5892,International Journal of Management and Business Research,0.9143,False,False,4,
2026-08-31T15:42:27.894267Z,1543,REPEC,2938,Recherche Transports Sécurité,15715,Recherche Transports Securite,0.9310,False,False,1,
2026-08-31T15:42:27.894267Z,1544,REPEC,2952,International Journal of E-Services and Mobile Applications (IJESMA),7865,International Journal of E-Services and Mobile Applications,0.9431,False,False,1,
2026-08-31T15:42:27.894267Z,1545,REPEC,2953,International Journal of Information Systems in the Service Sector (IJISSS),5011,International Journal of Information Systems in the Service Sector,0.9496,False,False,1,
2026-08-31T15:42:27.894267Z,1546,REPEC,2984,International Journal of Knowledge Management (IJKM),240,International Journal of Knowledge Management,0.9474,False,False,1,
2026-08-31T15:42:27.894267Z,1547,REPEC,2988,International Journal on Semantic Web and Information Systems (IJSWIS),18198,International Journal on Semantic Web and Information Systems,0.9457,False,False,1,
2026-08-31T15:42:27.894267Z,1548,REPEC,2997,International Journal of Business and Management,17457,International Journal of Business and Management (IJBM),0.9505,False,False,1,
2026-08-31T15:42:27.894267Z,1549,REPEC,2997,International Journal of Business and Management,17965,International Journal of e-Business Management,0.9462,False,False,2,
2026-08-31T15:42:27.894267Z,1550,REPEC,2997,International Journal of Business and Management,3459,International Journal of Business and Management Science,0.9231,False,False,3,
2026-08-31T15:42:27.894267Z,1551,REPEC,2997,International Journal of Business and Management,5892,International Journal of Management and Business Research,0.9143,False,False,4,
2026-08-31T15:42:27.894267Z,1552,REPEC,3006,International Journal of Strategic Decision Sciences (IJSDS),17983,International Journal of Strategic Decision Sciences,0.9455,False,False,1,
2026-08-31T15:42:27.894267Z,1553,REPEC,3023,International Journal of Technology and Human Interaction (IJTHI),17485,International Journal of Technology and Human Interaction,0.9500,False,False,1,
2026-08-31T15:42:27.894267Z,1554,REPEC,3040,International Journal of E-Entrepreneurship and Innovation (IJEEI),8629,International Journal of E-Entrepreneurship and Innovation,0.9500,False,False,1,
2026-08-31T15:42:27.894267Z,1555,REPEC,3040,International Journal of E-Entrepreneurship and Innovation (IJEEI),5109,International Journal of Entrepreneurship and Innovation,0.9412,False,False,2,
2026-08-31T15:42:27.894267Z,1556,REPEC,3072,International Journal of Applied Geospatial Research (IJAGR),4389,International Journal of Applied Geospatial Research,0.9455,False,False,1,
2026-08-31T15:42:27.894267Z,1557,REPEC,3106,International Journal of Applied Logistics (IJAL),52,International Journal of Applied Linguistics,0.9011,False,False,1,
2026-08-31T15:42:27.894267Z,1558,REPEC,3112,Revista Galega de Economía,14553,Revista Galega de Economia,0.9615,False,False,1,
2026-08-31T15:42:27.894267Z,1559,REPEC,3128,International Journal of Human Capital and Information Technology Professionals (IJHCITP),4579,International Journal of Human Capital and Information Technology Professionals,0.9518,False,False,1,
2026-08-31T15:42:27.894267Z,1560,REPEC,3142,International Journal of Business Analytics (IJBAN),7892,International Journal of Business Analytics,0.9348,False,False,1,
2026-08-31T15:42:27.894267Z,1561,REPEC,3145,"Romanian Statistical Review Supplement, Romanian Statistical Review",19197,"Romanian Statistical Review, Romanian Statistical Review",0.9091,False,False,1,
2026-08-31T15:42:27.894267Z,1562,REPEC,3152,International Journal of Higher Education,12045,International Journal of African Higher Education,0.9111,False,False,1,
2026-08-31T15:42:27.894267Z,1563,REPEC,3159,International Journal of Technoethics (IJT),4370,International Journal of Technoethics,0.9487,False,False,1,
2026-08-31T15:42:27.894267Z,1564,REPEC,3169,International Journal of Information System Modeling and Design (IJISMD),4578,International Journal of Information System Modeling and Design,0.9474,False,False,1,
2026-08-31T15:42:27.894267Z,1565,REPEC,3172,International Journal of Management Sciences,15585,International Journal of Management Practice,0.9091,False,False,1,
2026-08-31T15:42:27.894267Z,1566,REPEC,3172,International Journal of Management Sciences,1254,International Journal of Stress Management,0.9070,False,False,2,
2026-08-31T15:42:27.894267Z,1567,REPEC,3172,International Journal of Management Sciences,4105,International Journal of Applied Management Science,0.9053,False,False,3,
2026-08-31T15:42:27.894267Z,1568,REPEC,3176,International Journal of Business Intelligence Research (IJBIR),8630,International Journal of Business Intelligence Research,0.9483,False,False,1,
2026-08-31T15:42:27.894267Z,1569,REPEC,3177,"Economics - The Open-Access, Open-Assessment Journal",18406,"Economics - The Open-Access, Open-Assessment E-Journal (2007-2020)",0.9038,False,False,1,
2026-08-31T15:42:27.894267Z,1570,REPEC,3187,"International Journal of Innovation in Management, Economics and Social Sciences",18288,"International Journal of Management, Economics and Social Sciences",0.9028,False,False,1,
2026-08-31T15:42:27.894267Z,1571,REPEC,3190,"Paradigm,",12682,Paradigmi,0.9412,False,False,1,
2026-08-31T15:42:27.894267Z,1572,REPEC,3200,International Journal of Science and Business,3030,International Journal of Business and Society,0.9333,False,False,1,
2026-08-31T15:42:27.894267Z,1573,REPEC,3211,Perspectives of Innovation in Economics and Business (PIEB),17688,"Perspectives of Innovations, Economics & Business",0.9159,False,False,1,
2026-08-31T15:42:27.894267Z,1574,REPEC,3214,Journal of Asian Development,17507,Journal of African Development,0.9310,False,False,1,
2026-08-31T15:42:27.894267Z,1575,REPEC,3214,Journal of Asian Development,2394,Journal of South Asian Development,0.9032,False,False,2,
2026-08-31T15:42:27.894267Z,1577,REPEC,3222,"International Journal of Service Science, Management, Engineering, and Technology (IJSSMET)",8626,"International Journal of Service Science, Management, Engineering, and Technology",0.9512,False,False,1,
2026-08-31T15:42:27.894267Z,1578,REPEC,3228,"CIRIEC-España, revista de economía pública, social y cooperativa",6613,"CIRIEC-Espana Revista de Economia Publica, Social y Cooperativa",0.9508,False,False,1,
2026-08-31T15:42:27.894267Z,1579,REPEC,3237,International Journal of Knowledge and Systems Science (IJKSS),7960,International Journal of Knowledge and Systems Science,0.9474,False,False,1,
2026-08-31T15:42:27.894267Z,1580,REPEC,3266,International Journal of Information Technology and Management,5194,International Journal of Innovation and Technology Management,0.9593,False,False,1,
2026-08-31T15:42:27.894267Z,1581,REPEC,3266,International Journal of Information Technology and Management,7906,International Journal of Information Technology Project Management,0.9063,False,False,2,
2026-08-31T15:42:27.894267Z,1582,REPEC,3266,International Journal of Information Technology and Management,1166,International Journal of Law and Information Technology,0.9060,False,False,3,
2026-08-31T15:42:27.894267Z,1583,REPEC,3266,International Journal of Information Technology and Management,5494,International Journal of Information and Learning Technology,0.9016,False,False,4,
2026-08-31T15:42:27.894267Z,1584,REPEC,3276,International Journal of Information Technology Project Management (IJITPM),7906,International Journal of Information Technology Project Management,0.9496,False,False,1,
2026-08-31T15:42:27.894267Z,1585,REPEC,3288,International Journal of Applied Metaheuristic Computing (IJAMC),7885,International Journal of Applied Metaheuristic Computing,0.9492,False,False,1,
2026-08-31T15:42:27.894267Z,1586,REPEC,3314,"International Journal of Cyber Behavior, Psychology and Learning (IJCBPL)",4867,"International Journal of Cyber Behavior, Psychology and Learning",0.9474,False,False,1,
2026-08-31T15:42:27.894267Z,1587,REPEC,3319,International Journal of Sociotechnology and Knowledge Development (IJSKD),4391,International Journal of Sociotechnology and Knowledge Development,0.9565,False,False,1,
2026-08-31T15:42:27.894267Z,1588,REPEC,3339,Revista de Economia e Sociologia Rural (RESR),15608,Revista de Economia e Sociologia Rural,0.9383,False,False,1,
2026-08-31T15:42:27.894267Z,1589,REPEC,3360,International Journal of Data Warehousing and Mining (IJDWM),17460,International Journal of Data Warehousing and Mining,0.9455,False,False,1,
2026-08-31T15:42:27.894267Z,1590,REPEC,3366,International Journal of Sciences,4672,International Journal of Urban Sciences,0.9167,False,False,1,
2026-08-31T15:42:27.894267Z,1591,REPEC,3366,International Journal of Sciences,11208,International Journal of Crowd Science,0.9014,False,False,2,
2026-08-31T15:42:27.894267Z,1592,REPEC,3374,Journal of Public Administration and Governance,17995,Journal of Administration and Governance,0.9195,False,False,1,
2026-08-31T15:42:27.894267Z,1593,REPEC,3383,International Journal of Mobile and Blended Learning (IJMBL),4225,International Journal of Mobile and Blended Learning,0.9455,False,False,1,
2026-08-31T15:42:27.894267Z,1594,REPEC,3389,International Journal of Information Security and Privacy (IJISP),17475,International Journal of Information Security and Privacy,0.9500,False,False,1,
2026-08-31T15:42:27.894267Z,1595,REPEC,3390,JOURNAL OF LIFE ECONOMICS,17581,Journal of Legal Economics,0.9020,False,False,1,
2026-08-31T15:42:27.894267Z,1597,REPEC,3394,International Journal of Customer Relationship Marketing and Management (IJCRMM),8625,International Journal of Customer Relationship Marketing and Management,0.9530,False,False,1,
2026-08-31T15:42:27.894267Z,1598,REPEC,3410,"Journal of Accounting, Business and Finance Research",5897,Journal of Islamic Accounting and Business Research,0.9216,False,False,1,
2026-08-31T15:42:27.894267Z,1599,REPEC,3410,"Journal of Accounting, Business and Finance Research",43,Journal of Business Finance and Accounting,0.9032,False,False,2,
2026-08-31T15:42:27.894267Z,1600,REPEC,3440,Asian Case Research Journal (ACRJ),353,Asian Case Research Journal,0.9153,False,False,1,
2026-08-31T15:42:27.894267Z,1601,REPEC,3450,International Journal of Healthcare Information Systems and Informatics (IJHISI),3868,International Journal of Healthcare Information Systems and Informatics,0.9530,False,False,1,
2026-08-31T15:42:27.894267Z,1602,REPEC,3474,International Journal of Intelligent Information Technologies (IJIIT),15426,International Journal of Intelligent Information Technologies,0.9531,False,False,1,
2026-08-31T15:42:27.894267Z,1603,REPEC,3485,International Journal of Web Services Research (IJWSR),18197,International Journal of Web Services Research,0.9388,False,False,1,
2026-08-31T15:42:27.894267Z,1604,REPEC,3541,International Journal of Social Sciences,14690,International Social Science Journal,0.9474,False,False,1,
2026-08-31T15:42:27.894267Z,1605,REPEC,3541,International Journal of Social Sciences,19164,International Journal of Asian Social Science,0.9176,False,False,2,
2026-08-31T15:42:27.894267Z,1606,REPEC,3543,Gospodarka Narodowa-The Polish Journal of Economics,19252,Gospodarka Narodowa. The Polish Journal of Economics,0.9307,False,False,1,
2026-08-31T15:42:27.894267Z,1607,REPEC,3547,Journal of Economics and Management,12507,Journal of Economics and Management (Poland),0.9091,False,False,1,
2026-08-31T15:42:27.894267Z,1608,REPEC,3552,International Journal of Finance and Accounting,17449,International Journal of Accounting & Finance Review,0.9307,False,False,1,
2026-08-31T15:42:27.894267Z,1609,REPEC,3552,International Journal of Finance and Accounting,4118,"International Journal of Banking, Accounting and Finance",0.9216,False,False,2,
2026-08-31T15:42:27.894267Z,1610,REPEC,3554,Revista CEA,18709,Revista CEPAL,0.9167,False,False,1,
2026-08-31T15:42:27.894267Z,1611,REPEC,3557,International Journal of Supply Chain Management,16758,International Journal of Value Chain Management,0.9053,False,False,1,
2026-08-31T15:42:27.894267Z,1612,REPEC,3570,Journal of Financial and Monetary Economics,11471,Journal of Islamic Monetary Economics and Finance,0.9130,False,False,1,
2026-08-31T15:42:27.894267Z,1613,REPEC,3617,Proceedings of the International Conference on Business Excellence,4648,Proceedings of the International Conference on Electronic Business (ICEB),0.9051,False,False,1,
2026-08-31T15:42:27.894267Z,1614,REPEC,3621,European Journal of Interdisciplinary Studies Articles,10589,European Journal of Interdisciplinary Studies,0.9091,False,False,1,
2026-08-31T15:42:27.894267Z,1615,REPEC,3626,International Journal of Economics,13901,International Economic Journal,0.9375,False,False,1,
2026-08-31T15:42:27.894267Z,1616,REPEC,3626,International Journal of Economics,16757,International Journal of Green Economics,0.9189,False,False,2,
2026-08-31T15:42:27.894267Z,1617,REPEC,3626,International Journal of Economics,14148,International Journal of Social Economics,0.9067,False,False,3,
2026-08-31T15:42:27.894267Z,1618,REPEC,3626,International Journal of Economics,4116,International Journal of Geoinformatics,0.9041,False,False,4,
2026-08-31T15:42:27.894267Z,1619,REPEC,3640,International Journal of Social Work,15118,International Journal of Social Welfare,0.9067,False,False,1,
2026-08-31T15:42:27.894267Z,1620,REPEC,3651,International Journal of Web-Based Learning and Teaching Technologies (IJWLTT),2886,International Journal of Web-Based Learning and Teaching Technologies,0.9510,False,False,1,
2026-08-31T15:42:27.894267Z,1621,REPEC,3657,International Journal of Entrepreneurship and Project Management,15496,International Entrepreneurship and Management Journal,0.9060,False,False,1,
2026-08-31T15:42:27.894267Z,1622,REPEC,3662,International Journal of Innovative Research and Scientific Studies,11021,International Journal of Innovative Research and Scientific Studies (discontinued),0.9116,False,False,1,
2026-08-31T15:42:27.894267Z,1623,REPEC,3669,International Journal of Online Pedagogy and Course Design (IJOPCD),7904,International Journal of Online Pedagogy and Course Design,0.9431,False,False,1,
2026-08-31T15:42:27.894267Z,1624,REPEC,3673,Asian Business Research Journal,8531,Asian Journal of Business Research,0.9538,False,False,1,
2026-08-31T15:42:27.894267Z,1625,REPEC,3676,Journal of Education and Vocational Research,8644,Journal of Educational and Social Research,0.9070,False,False,1,
2026-08-31T15:42:27.894267Z,1626,REPEC,3703,International Journal of Computer-Assisted Language Learning and Teaching (IJCALLT),7961,International Journal of Computer-Assisted Language Learning and Teaching,0.9474,False,False,1,
2026-08-31T15:42:27.894267Z,1627,REPEC,3730,International Journal of World Policy and Development Studies,18969,International Journal of Sustainable Development & World Policy,0.9206,False,False,1,
2026-08-31T15:42:27.894267Z,1628,REPEC,3748,International Journal of Law,5488,International Sports Law Journal,0.9000,False,False,1,
2026-08-31T15:42:27.894267Z,1629,REPEC,3750,European Journal of Social Science Education and Research Articles,13516,European Journal of Social Science Education and Research,0.9268,False,False,1,
2026-08-31T15:42:27.894267Z,1630,REPEC,3816,Journal of Management World,11422,Journal of Work-Applied Management,0.9000,False,False,1,
2026-08-31T15:42:27.894267Z,1631,REPEC,3821,International Journal of Information Technology and Web Engineering (IJITWE),17477,International Journal of Information Technology and Web Engineering,0.9504,False,False,1,
2026-08-31T15:42:27.894267Z,1632,REPEC,3850,International Journal of Business Strategies,18111,International Journal of Business Strategy,0.9535,False,False,1,
2026-08-31T15:42:27.894267Z,1633,REPEC,3871,Eurasian Business & Economics Journal,12794,Eurasian Journal of Business and Economics,0.9630,False,False,1,
2026-08-31T15:42:27.894267Z,1634,REPEC,3893,"International Journal of Education, Humanities and Social Sciences",19437,"International Journal of Humanities, Arts and Social Sciences",0.9280,False,False,1,
2026-08-31T15:42:27.894267Z,1635,REPEC,3934,International Journal of Data Science,458,International Journal of Science Education,0.9114,False,False,1,
2026-08-31T15:42:27.894267Z,1636,REPEC,3934,International Journal of Data Science,11208,International Journal of Crowd Science,0.9067,False,False,2,
2026-08-31T15:42:27.894267Z,1637,REPEC,3947,Journal of Agricultural Studies,15920,Journal of African Cultural Studies,0.9091,False,False,1,
2026-08-31T15:42:27.894267Z,1638,REPEC,3977,International Journal of Healthcare and Medical Sciences,19703,International Journal of Health and Medical Sciences,0.9630,False,False,1,
2026-08-31T15:42:27.894267Z,1640,REPEC,4014,Journal of Forensic Economics,13954,Journal of Forest Economics,0.9286,False,False,1,
2026-08-31T15:42:27.894267Z,1642,REPEC,4061,Ekonomija Economics,19421,Ekonomika (Economics),0.9474,False,False,1,
2026-08-31T15:42:27.894267Z,1643,REPEC,4108,International Journal of Educational Technology and Learning,5494,International Journal of Information and Learning Technology,0.9000,False,False,1,
2026-08-31T15:42:27.894267Z,1644,REPEC,4147,Вестник Омского университета. Серия «Экономика»,20138,Вестник Пермского университета. Серия: Экономика,0.9556,False,False,1,
2026-08-31T15:42:27.894267Z,1645,REPEC,4163,Information Technology and Management Science,961,Information Technology and Management,0.9024,False,False,1,
2026-08-31T15:42:27.894267Z,1646,REPEC,4179,Journal of Management World,11422,Journal of Work-Applied Management,0.9000,False,False,1,
2026-08-31T15:42:27.894267Z,1648,REPEC,4294,Journal of Education Advancement & Marketing,4662,Journal for Advancement of Marketing Education,0.9130,False,False,1,
2026-08-31T15:42:27.894267Z,1649,REPEC,4395,International Journal of Biology,748,International Journal of Audiology,0.9394,False,False,1,
2026-08-31T15:42:27.894267Z,1650,REPEC,4395,International Journal of Biology,1681,International Journal of Biotechnology,0.9143,False,False,2,
2026-08-31T15:42:27.894267Z,1651,REPEC,4395,International Journal of Biology,18187,International Journal of Climatology,0.9118,False,False,3,
